Timestamp,Value
2022-01-18T00:01:00.000000,0.8
2022-01-18T00:06:00.000000,0.8
2022-01-18T00:11:00.000000,0.8
2022-01-18T00:16:00.000000,0.8
2022-01-18T00:21:00.000000,0.8
2022-01-18T00:26:00.000000,0.9
2022-01-18T00:31:00.000000,1.0
2022-01-18T00:36:00.000000,0.7
2022-01-18T00:41:00.000000,0.2
2022-01-18T00:46:00.000000,0.0
2022-01-18T00:51:00.000000,0.4
2022-01-18T00:56:00.000000,1.4
2022-01-18T01:01:00.000000,1.8
2022-01-18T01:06:00.000000,1.2
2022-01-18T01:11:00.000000,0.8
2022-01-18T01:16:00.000000,0.9
2022-01-18T01:21:00.000000,0.7
2022-01-18T01:26:00.000000,0.4
2022-01-18T01:31:00.000000,0.4
2022-01-18T01:36:00.000000,0.6
2022-01-18T01:41:00.000000,0.7
2022-01-18T01:46:00.000000,0.6
2022-01-18T01:51:00.000000,0.7
2022-01-18T01:56:00.000000,0.7
2022-01-18T02:01:00.000000,0.6
2022-01-18T02:06:00.000000,0.6
2022-01-18T02:11:00.000000,0.7
2022-01-18T02:16:00.000000,0.6
2022-01-18T02:21:00.000000,0.4
2022-01-18T02:26:00.000000,0.5
2022-01-18T02:31:00.000000,0.6
2022-01-18T02:36:00.000000,0.6
2022-01-18T02:41:00.000000,0.5
2022-01-18T02:46:00.000000,0.7
2022-01-18T02:51:00.000000,0.7
2022-01-18T02:56:00.000000,0.5
2022-01-18T03:01:00.000000,0.6
2022-01-18T03:06:00.000000,0.5
2022-01-18T03:11:00.000000,0.4
2022-01-18T03:16:00.000000,0.4
2022-01-18T03:21:00.000000,0.2
2022-01-18T03:26:00.000000,0.1
2022-01-18T03:31:00.000000,0.1
2022-01-18T03:36:00.000000,0.1
2022-01-18T03:41:00.000000,0.3
2022-01-18T03:46:00.000000,0.3
2022-01-18T03:51:00.000000,0.2
2022-01-18T03:56:00.000000,0.3
2022-01-18T04:01:00.000000,0.2
2022-01-18T04:06:00.000000,0.0
2022-01-18T04:11:00.000000,0.1
2022-01-18T04:16:00.000000,0.5
2022-01-18T04:21:00.000000,0.4
2022-01-18T04:26:00.000000,0.0
2022-01-18T04:31:00.000000,-0.1
2022-01-18T04:36:00.000000,-0.2
2022-01-18T04:41:00.000000,-0.3
2022-01-18T04:46:00.000000,-0.4
2022-01-18T04:51:00.000000,-0.4
2022-01-18T04:56:00.000000,-0.4
2022-01-18T05:01:00.000000,-0.4
2022-01-18T05:06:00.000000,-0.8
2022-01-18T05:11:00.000000,-1.0
2022-01-18T05:16:00.000000,-0.7
2022-01-18T05:21:00.000000,-0.6
2022-01-18T05:26:00.000000,-0.5
2022-01-18T05:31:00.000000,-0.4
2022-01-18T05:36:00.000000,-0.3
2022-01-18T05:41:00.000000,-0.3
2022-01-18T05:46:00.000000,-2.0
2022-01-18T05:51:00.000000,-2.1
2022-01-18T05:56:00.000000,0.3
2022-01-18T06:01:00.000000,-0.5
2022-01-18T06:06:00.000000,-2.5
2022-01-18T06:11:00.000000,-1.4
2022-01-18T06:16:00.000000,0.0
2022-01-18T06:21:00.000000,-0.2
2022-01-18T06:26:00.000000,0.4
2022-01-18T06:31:00.000000,4.5
2022-01-18T06:36:00.000000,5.1
2022-01-18T06:41:00.000000,2.2
2022-01-18T06:46:00.000000,1.6
2022-01-18T06:51:00.000000,-0.5
2022-01-18T06:56:00.000000,-2.4
2022-01-18T07:01:00.000000,-1.8
2022-01-18T07:06:00.000000,-1.0
2022-01-18T07:11:00.000000,-0.2
2022-01-18T07:16:00.000000,0.1
2022-01-18T07:21:00.000000,-0.6
2022-01-18T07:26:00.000000,0.0
2022-01-18T07:31:00.000000,1.5
2022-01-18T07:36:00.000000,1.8
2022-01-18T07:41:00.000000,-0.4
2022-01-18T07:46:00.000000,-1.6
2022-01-18T07:51:00.000000,-2.1
2022-01-18T07:56:00.000000,-2.1
2022-01-18T08:01:00.000000,-0.3
2022-01-18T08:06:00.000000,-0.1
2022-01-18T08:11:00.000000,-2.1
2022-01-18T08:16:00.000000,-2.8
2022-01-18T08:21:00.000000,-0.7
2022-01-18T08:26:00.000000,-0.2
2022-01-18T08:31:00.000000,-0.7
2022-01-18T08:36:00.000000,-0.6
2022-01-18T08:41:00.000000,-0.9
2022-01-18T08:46:00.000000,-1.1
2022-01-18T08:51:00.000000,-1.0
2022-01-18T08:56:00.000000,-0.8
2022-01-18T09:01:00.000000,-0.8
2022-01-18T09:06:00.000000,-0.5
2022-01-18T09:11:00.000000,-0.5
2022-01-18T09:16:00.000000,-0.5
2022-01-18T09:21:00.000000,-0.1
2022-01-18T09:26:00.000000,-0.6
2022-01-18T09:31:00.000000,-0.7
2022-01-18T09:36:00.000000,-0.3
2022-01-18T09:41:00.000000,-0.3
2022-01-18T09:46:00.000000,-0.5
2022-01-18T09:51:00.000000,-0.5
2022-01-18T09:56:00.000000,-1.0
2022-01-18T10:01:00.000000,-1.2
2022-01-18T10:06:00.000000,-0.4
2022-01-18T10:11:00.000000,-0.5
2022-01-18T10:16:00.000000,-0.8
2022-01-18T10:21:00.000000,-0.7
2022-01-18T10:26:00.000000,-0.6
2022-01-18T10:31:00.000000,-0.6
2022-01-18T10:36:00.000000,-0.6
2022-01-18T10:41:00.000000,-0.8
2022-01-18T10:46:00.000000,-0.6
2022-01-18T10:51:00.000000,-0.5
2022-01-18T10:56:00.000000,-1.0
2022-01-18T11:01:00.000000,-0.6
2022-01-18T11:06:00.000000,-0.2
2022-01-18T11:11:00.000000,0.0
2022-01-18T11:16:00.000000,0.1
2022-01-18T11:21:00.000000,0.1
2022-01-18T11:26:00.000000,0.0
2022-01-18T11:31:00.000000,0.3
2022-01-18T11:36:00.000000,1.3
2022-01-18T11:41:00.000000,1.6
2022-01-18T11:46:00.000000,1.5
2022-01-18T11:51:00.000000,1.6
2022-01-18T11:56:00.000000,1.2
2022-01-18T12:01:00.000000,0.1
2022-01-18T12:06:00.000000,-0.7
2022-01-18T12:11:00.000000,-1.9
2022-01-18T12:16:00.000000,-2.7
2022-01-18T12:21:00.000000,-2.0
2022-01-18T12:26:00.000000,-0.9
2022-01-18T12:31:00.000000,-0.4
2022-01-18T12:36:00.000000,-0.8
2022-01-18T12:41:00.000000,-1.1
2022-01-18T12:46:00.000000,-0.7
2022-01-18T12:51:00.000000,0.0
2022-01-18T12:56:00.000000,0.0
2022-01-18T13:01:00.000000,-0.6
2022-01-18T13:06:00.000000,-0.9
2022-01-18T13:11:00.000000,-0.8
2022-01-18T13:16:00.000000,-0.2
2022-01-18T13:21:00.000000,0.5
2022-01-18T13:26:00.000000,1.6
2022-01-18T13:31:00.000000,2.8
2022-01-18T13:36:00.000000,2.9
2022-01-18T13:41:00.000000,2.1
2022-01-18T13:46:00.000000,0.4
2022-01-18T13:51:00.000000,-1.0
2022-01-18T13:56:00.000000,-0.7
2022-01-18T14:01:00.000000,-0.2
2022-01-18T14:06:00.000000,-0.7
2022-01-18T14:11:00.000000,-1.0
2022-01-18T14:16:00.000000,-0.4
2022-01-18T14:21:00.000000,0.2
2022-01-18T14:26:00.000000,0.4
2022-01-18T14:31:00.000000,0.3
2022-01-18T14:36:00.000000,0.4
2022-01-18T14:41:00.000000,0.5
2022-01-18T14:46:00.000000,0.3
2022-01-18T14:51:00.000000,0.2
2022-01-18T14:56:00.000000,0.2
2022-01-18T15:01:00.000000,0.1
2022-01-18T15:06:00.000000,0.0
2022-01-18T15:11:00.000000,0.2
2022-01-18T15:16:00.000000,0.1
2022-01-18T15:21:00.000000,-0.3
2022-01-18T15:26:00.000000,-0.8
2022-01-18T15:31:00.000000,-1.1
2022-01-18T15:36:00.000000,-0.5
2022-01-18T15:41:00.000000,0.1
2022-01-18T15:46:00.000000,-0.4
2022-01-18T15:51:00.000000,-0.6
2022-01-18T15:56:00.000000,-0.3
2022-01-18T16:01:00.000000,-0.7
2022-01-18T16:06:00.000000,-0.4
2022-01-18T16:11:00.000000,0.2
2022-01-18T16:16:00.000000,0.2
2022-01-18T16:21:00.000000,0.3
2022-01-18T16:26:00.000000,0.2
2022-01-18T16:31:00.000000,0.2
2022-01-18T16:36:00.000000,0.5
2022-01-18T16:41:00.000000,0.8
2022-01-18T16:46:00.000000,0.9
2022-01-18T16:51:00.000000,0.5
2022-01-18T16:56:00.000000,0.0
2022-01-18T17:01:00.000000,-0.4
2022-01-18T17:06:00.000000,0.0
2022-01-18T18:06:00.000000,0.9
2022-01-18T18:11:00.000000,0.8
2022-01-18T18:16:00.000000,0.1
2022-01-18T18:21:00.000000,0.1
2022-01-18T18:26:00.000000,0.7
2022-01-18T18:31:00.000000,0.6
2022-01-18T18:36:00.000000,1.0
2022-01-18T18:41:00.000000,1.5
2022-01-18T18:46:00.000000,0.9
2022-01-18T18:51:00.000000,0.4
2022-01-18T18:56:00.000000,0.1
2022-01-18T19:01:00.000000,0.1
2022-01-18T19:06:00.000000,0.1
2022-01-18T19:11:00.000000,-0.1
2022-01-18T19:16:00.000000,0.5
2022-01-18T19:21:00.000000,1.2
2022-01-18T19:26:00.000000,1.0
2022-01-18T19:31:00.000000,0.3
2022-01-18T19:36:00.000000,0.0
2022-01-18T19:41:00.000000,0.0
2022-01-18T19:46:00.000000,-0.1
2022-01-18T19:51:00.000000,-0.1
2022-01-18T19:56:00.000000,0.0
2022-01-18T20:01:00.000000,-0.2
2022-01-18T20:06:00.000000,-0.6
2022-01-18T20:11:00.000000,-0.8
2022-01-18T20:16:00.000000,-1.1
2022-01-18T20:21:00.000000,-0.3
2022-01-18T20:26:00.000000,0.2
2022-01-18T20:31:00.000000,-0.4
2022-01-18T20:36:00.000000,-0.4
2022-01-18T20:41:00.000000,-0.3
2022-01-18T20:46:00.000000,-0.7
2022-01-18T20:51:00.000000,-1.0
2022-01-18T20:56:00.000000,-0.6
2022-01-18T21:01:00.000000,-0.4
2022-01-18T21:06:00.000000,-0.7
2022-01-18T21:11:00.000000,-0.6
2022-01-18T21:16:00.000000,-0.5
2022-01-18T21:21:00.000000,-0.6
2022-01-18T21:26:00.000000,-0.5
2022-01-18T21:31:00.000000,-0.3
2022-01-18T21:36:00.000000,-0.2
2022-01-18T21:41:00.000000,-0.2
2022-01-18T21:46:00.000000,-0.3
2022-01-18T21:51:00.000000,-0.7
2022-01-18T21:56:00.000000,-1.1
2022-01-18T22:01:00.000000,-1.0
2022-01-18T22:06:00.000000,-0.7
2022-01-18T22:11:00.000000,-0.5
2022-01-18T22:16:00.000000,-0.2
2022-01-18T22:21:00.000000,-0.1
2022-01-18T22:26:00.000000,0.0
2022-01-18T22:31:00.000000,0.2
2022-01-18T22:36:00.000000,0.3
2022-01-18T22:41:00.000000,0.4
2022-01-18T22:46:00.000000,0.4
2022-01-18T22:51:00.000000,0.4
2022-01-18T22:56:00.000000,0.3
2022-01-18T23:01:00.000000,0.1
2022-01-18T23:06:00.000000,0.0
2022-01-18T23:11:00.000000,0.0
2022-01-18T23:16:00.000000,0.1
2022-01-18T23:21:00.000000,0.2
2022-01-18T23:26:00.000000,0.2
2022-01-18T23:31:00.000000,0.1
2022-01-18T23:36:00.000000,0.1
2022-01-18T23:41:00.000000,0.1
2022-01-18T23:46:00.000000,0.1
2022-01-18T23:51:00.000000,0.1
2022-01-18T23:56:00.000000,0.1
2022-01-19T00:01:00.000000,0.1
2022-01-19T00:06:00.000000,-0.1
2022-01-19T00:11:00.000000,-0.1
2022-01-19T00:16:00.000000,0.1
2022-01-19T00:21:00.000000,0.0
2022-01-19T00:26:00.000000,-0.2
2022-01-19T00:31:00.000000,-0.2
2022-01-19T00:36:00.000000,-0.1
2022-01-19T00:41:00.000000,-0.1
2022-01-19T00:46:00.000000,-0.1
2022-01-19T00:51:00.000000,0.0
2022-01-19T00:56:00.000000,0.0
2022-01-19T01:01:00.000000,0.0
2022-01-19T01:06:00.000000,-0.1
2022-01-19T01:11:00.000000,-0.1
2022-01-19T01:16:00.000000,-0.3
2022-01-19T01:21:00.000000,-0.6
2022-01-19T01:26:00.000000,-0.2
2022-01-19T01:31:00.000000,-0.1
2022-01-19T01:36:00.000000,-0.3
2022-01-19T01:41:00.000000,-0.2
2022-01-19T01:46:00.000000,-0.3
2022-01-19T01:51:00.000000,-0.4
2022-01-19T01:56:00.000000,-0.3
2022-01-19T02:01:00.000000,-0.3
2022-01-19T02:06:00.000000,-0.3
2022-01-19T02:11:00.000000,-0.2
2022-01-19T02:16:00.000000,-0.1
2022-01-19T02:21:00.000000,-0.1
2022-01-19T02:26:00.000000,-0.2
2022-01-19T02:31:00.000000,-0.3
2022-01-19T02:36:00.000000,-0.3
2022-01-19T02:41:00.000000,-0.2
2022-01-19T02:46:00.000000,-0.2
2022-01-19T02:51:00.000000,-0.2
2022-01-19T02:56:00.000000,-0.2
2022-01-19T03:01:00.000000,-0.2
2022-01-19T03:06:00.000000,-0.1
2022-01-19T03:11:00.000000,-0.2
2022-01-19T03:16:00.000000,-0.3
2022-01-19T03:21:00.000000,-0.1
2022-01-19T03:26:00.000000,-0.1
2022-01-19T03:31:00.000000,-0.1
2022-01-19T03:36:00.000000,-0.1
2022-01-19T03:41:00.000000,-0.2
2022-01-19T03:46:00.000000,-0.1
2022-01-19T03:51:00.000000,-0.1
2022-01-19T03:56:00.000000,-0.2
2022-01-19T04:01:00.000000,-0.2
2022-01-19T04:06:00.000000,-0.1
2022-01-19T04:11:00.000000,-0.1
2022-01-19T04:16:00.000000,-0.1
2022-01-19T04:21:00.000000,-0.1
2022-01-19T04:26:00.000000,-0.1
2022-01-19T04:31:00.000000,0.1
2022-01-19T04:36:00.000000,-0.1
2022-01-19T04:41:00.000000,-0.4
2022-01-19T04:46:00.000000,-0.1
2022-01-19T04:51:00.000000,0.4
2022-01-19T04:56:00.000000,0.9
2022-01-19T05:01:00.000000,1.3
2022-01-19T05:06:00.000000,1.5
2022-01-19T05:11:00.000000,2.1
2022-01-19T05:16:00.000000,2.8
2022-01-19T05:21:00.000000,2.5
2022-01-19T05:26:00.000000,1.5
2022-01-19T05:31:00.000000,1.3
2022-01-19T05:36:00.000000,0.2
2022-01-19T05:41:00.000000,3.0
2022-01-19T05:46:00.000000,3.7
2022-01-19T05:51:00.000000,0.2
2022-01-19T05:56:00.000000,0.0
2022-01-19T06:01:00.000000,-0.4
2022-01-19T06:06:00.000000,-0.7
2022-01-19T06:11:00.000000,-0.8
2022-01-19T06:16:00.000000,-0.8
2022-01-19T06:21:00.000000,-0.9
2022-01-19T06:26:00.000000,-0.8
2022-01-19T06:31:00.000000,0.1
2022-01-19T06:36:00.000000,0.4
2022-01-19T06:41:00.000000,-0.7
2022-01-19T06:46:00.000000,-1.4
2022-01-19T06:51:00.000000,-1.1
2022-01-19T06:56:00.000000,-0.9
2022-01-19T07:01:00.000000,-0.8
2022-01-19T07:06:00.000000,-0.2
2022-01-19T07:11:00.000000,0.3
2022-01-19T07:16:00.000000,4.4
2022-01-19T07:21:00.000000,5.5
2022-01-19T07:26:00.000000,4.6
2022-01-19T07:31:00.000000,5.2
2022-01-19T07:36:00.000000,2.1
2022-01-19T07:41:00.000000,-0.7
2022-01-19T07:46:00.000000,-1.9
2022-01-19T07:51:00.000000,-1.8
2022-01-19T07:56:00.000000,-1.8
2022-01-19T08:01:00.000000,-1.5
2022-01-19T08:06:00.000000,-0.6
2022-01-19T08:11:00.000000,-0.5
2022-01-19T08:16:00.000000,-1.0
2022-01-19T08:21:00.000000,-0.8
2022-01-19T08:26:00.000000,-0.8
2022-01-19T08:31:00.000000,-1.4
2022-01-19T08:36:00.000000,-1.2
2022-01-19T08:41:00.000000,-0.3
2022-01-19T08:46:00.000000,0.3
2022-01-19T08:51:00.000000,0.1
2022-01-19T08:56:00.000000,-0.3
2022-01-19T09:01:00.000000,-0.3
2022-01-19T09:06:00.000000,-0.1
2022-01-19T09:11:00.000000,-0.3
2022-01-19T09:16:00.000000,-0.7
2022-01-19T09:21:00.000000,-0.5
2022-01-19T09:26:00.000000,0.0
2022-01-19T09:31:00.000000,-0.3
2022-01-19T09:36:00.000000,-0.8
2022-01-19T09:41:00.000000,-0.5
2022-01-19T09:46:00.000000,-0.2
2022-01-19T09:51:00.000000,-0.4
2022-01-19T09:56:00.000000,-0.5
2022-01-19T10:01:00.000000,-0.5
2022-01-19T10:06:00.000000,-0.5
2022-01-19T10:11:00.000000,-0.4
2022-01-19T10:16:00.000000,-0.7
2022-01-19T10:21:00.000000,-0.8
2022-01-19T10:26:00.000000,-0.6
2022-01-19T10:31:00.000000,-0.5
2022-01-19T10:36:00.000000,-0.4
2022-01-19T10:41:00.000000,-0.6
2022-01-19T10:46:00.000000,-0.9
2022-01-19T10:51:00.000000,-0.9
2022-01-19T10:56:00.000000,-0.4
2022-01-19T11:01:00.000000,-0.3
2022-01-19T11:06:00.000000,-0.7
2022-01-19T11:11:00.000000,-0.9
2022-01-19T11:16:00.000000,-0.5
2022-01-19T11:21:00.000000,0.6
2022-01-19T11:26:00.000000,1.0
2022-01-19T11:31:00.000000,1.2
2022-01-19T11:36:00.000000,1.2
2022-01-19T11:41:00.000000,0.1
2022-01-19T11:46:00.000000,0.1
2022-01-19T11:51:00.000000,1.3
2022-01-19T11:56:00.000000,1.5
2022-01-19T12:01:00.000000,0.8
2022-01-19T12:06:00.000000,0.6
2022-01-19T12:11:00.000000,1.1
2022-01-19T12:16:00.000000,1.1
2022-01-19T12:21:00.000000,0.8
2022-01-19T12:26:00.000000,1.1
2022-01-19T12:31:00.000000,1.1
2022-01-19T12:36:00.000000,0.7
2022-01-19T12:41:00.000000,0.7
2022-01-19T12:46:00.000000,0.9
2022-01-19T12:51:00.000000,0.7
2022-01-19T12:56:00.000000,0.2
2022-01-19T13:01:00.000000,0.0
2022-01-19T13:06:00.000000,0.4
2022-01-19T13:11:00.000000,0.1
2022-01-19T13:16:00.000000,-0.7
2022-01-19T13:21:00.000000,-0.1
2022-01-19T13:26:00.000000,-0.1
2022-01-19T13:31:00.000000,-0.7
2022-01-19T13:36:00.000000,-0.3
2022-01-19T13:41:00.000000,0.2
2022-01-19T13:46:00.000000,0.2
2022-01-19T13:51:00.000000,-0.4
2022-01-19T13:56:00.000000,-0.3
2022-01-19T14:01:00.000000,0.3
2022-01-19T14:06:00.000000,0.2
2022-01-19T14:11:00.000000,-0.5
2022-01-19T14:16:00.000000,-0.5
2022-01-19T14:21:00.000000,0.2
2022-01-19T14:26:00.000000,0.1
2022-01-19T14:31:00.000000,0.5
2022-01-19T14:36:00.000000,0.7
2022-01-19T14:41:00.000000,0.0
2022-01-19T14:46:00.000000,0.5
2022-01-19T14:51:00.000000,0.8
2022-01-19T14:56:00.000000,0.2
2022-01-19T15:01:00.000000,0.0
2022-01-19T15:06:00.000000,-0.2
2022-01-19T15:11:00.000000,-0.4
2022-01-19T15:16:00.000000,-0.4
2022-01-19T15:21:00.000000,0.0
2022-01-19T15:26:00.000000,-0.1
2022-01-19T15:31:00.000000,-0.4
2022-01-19T15:36:00.000000,-0.6
2022-01-19T15:41:00.000000,-0.7
2022-01-19T15:46:00.000000,-0.8
2022-01-19T15:51:00.000000,-1.5
2022-01-19T15:56:00.000000,-1.1
2022-01-19T16:01:00.000000,-0.6
2022-01-19T16:06:00.000000,-0.6
2022-01-19T16:11:00.000000,0.3
2022-01-19T16:16:00.000000,0.4
2022-01-19T16:21:00.000000,-0.7
2022-01-19T16:26:00.000000,-0.9
2022-01-19T16:31:00.000000,-0.7
2022-01-19T16:36:00.000000,-0.7
2022-01-19T16:41:00.000000,-0.3
2022-01-19T16:46:00.000000,0.4
2022-01-19T16:51:00.000000,0.5
2022-01-19T16:56:00.000000,0.0
2022-01-19T17:01:00.000000,-0.7
2022-01-19T17:06:00.000000,-1.0
2022-01-19T17:11:00.000000,-0.7
2022-01-19T17:16:00.000000,-0.4
2022-01-19T17:21:00.000000,0.3
2022-01-19T17:26:00.000000,1.4
2022-01-19T17:31:00.000000,0.8
2022-01-19T18:51:00.000000,-0.3
2022-01-19T18:56:00.000000,0.0
2022-01-19T19:01:00.000000,0.1
2022-01-19T19:06:00.000000,-0.3
2022-01-19T19:11:00.000000,-0.7
2022-01-19T19:16:00.000000,-0.9
2022-01-19T19:21:00.000000,-1.3
2022-01-19T19:26:00.000000,-1.6
2022-01-19T19:31:00.000000,-1.7
2022-01-19T19:36:00.000000,-1.5
2022-01-19T19:41:00.000000,-0.6
2022-01-19T19:46:00.000000,-0.1
2022-01-19T19:51:00.000000,-0.2
2022-01-19T19:56:00.000000,-0.1
2022-01-19T20:01:00.000000,-0.1
2022-01-19T20:06:00.000000,-0.3
2022-01-19T20:11:00.000000,-0.6
2022-01-19T20:16:00.000000,-0.7
2022-01-19T20:21:00.000000,-0.8
2022-01-19T20:26:00.000000,-1.1
2022-01-19T20:31:00.000000,-0.8
2022-01-19T20:36:00.000000,-0.5
2022-01-19T20:41:00.000000,-0.5
2022-01-19T20:46:00.000000,-0.2
2022-01-19T20:51:00.000000,0.0
2022-01-19T20:56:00.000000,0.3
2022-01-19T21:01:00.000000,0.7
2022-01-19T21:06:00.000000,0.7
2022-01-19T21:11:00.000000,0.5
2022-01-19T21:16:00.000000,0.3
2022-01-19T21:21:00.000000,0.2
2022-01-19T21:26:00.000000,0.2
2022-01-19T21:31:00.000000,0.3
2022-01-19T21:36:00.000000,0.3
2022-01-19T21:41:00.000000,0.2
2022-01-19T21:46:00.000000,0.3
2022-01-19T21:51:00.000000,0.3
2022-01-19T21:56:00.000000,0.2
2022-01-19T22:01:00.000000,0.3
2022-01-19T22:06:00.000000,0.3
2022-01-19T22:11:00.000000,0.2
2022-01-19T22:16:00.000000,0.2
2022-01-19T22:21:00.000000,0.3
2022-01-19T22:26:00.000000,0.3
2022-01-19T22:31:00.000000,0.2
2022-01-19T22:36:00.000000,0.1
2022-01-19T22:41:00.000000,0.1
2022-01-19T22:46:00.000000,0.2
2022-01-19T22:51:00.000000,0.3
2022-01-19T22:56:00.000000,0.4
2022-01-19T23:01:00.000000,0.4
2022-01-19T23:06:00.000000,0.1
2022-01-19T23:11:00.000000,0.2
2022-01-19T23:16:00.000000,0.6
2022-01-19T23:21:00.000000,0.6
2022-01-19T23:26:00.000000,0.8
2022-01-19T23:31:00.000000,1.2
2022-01-19T23:36:00.000000,1.3
2022-01-19T23:41:00.000000,1.1
2022-01-19T23:46:00.000000,1.0
2022-01-19T23:51:00.000000,1.0
2022-01-19T23:56:00.000000,0.9
2022-01-20T00:01:00.000000,0.8
2022-01-20T00:06:00.000000,0.7
2022-01-20T00:11:00.000000,0.6
2022-01-20T00:16:00.000000,0.5
2022-01-20T00:21:00.000000,0.5
2022-01-20T00:26:00.000000,0.5
2022-01-20T00:31:00.000000,0.4
2022-01-20T00:36:00.000000,0.3
2022-01-20T00:41:00.000000,0.2
2022-01-20T00:46:00.000000,0.3
2022-01-20T00:51:00.000000,0.3
2022-01-20T00:56:00.000000,0.3
2022-01-20T01:01:00.000000,0.4
2022-01-20T01:06:00.000000,0.2
2022-01-20T01:11:00.000000,0.3
2022-01-20T01:16:00.000000,0.6
2022-01-20T01:21:00.000000,0.6
2022-01-20T01:26:00.000000,0.6
2022-01-20T01:31:00.000000,0.5
2022-01-20T01:36:00.000000,0.3
2022-01-20T01:41:00.000000,0.2
2022-01-20T01:46:00.000000,0.4
2022-01-20T01:51:00.000000,0.4
2022-01-20T01:56:00.000000,0.4
2022-01-20T02:01:00.000000,0.4
2022-01-20T02:06:00.000000,0.4
2022-01-20T02:11:00.000000,0.6
2022-01-20T02:16:00.000000,0.5
2022-01-20T02:21:00.000000,0.4
2022-01-20T02:26:00.000000,0.4
2022-01-20T02:31:00.000000,0.6
2022-01-20T02:36:00.000000,0.6
2022-01-20T02:41:00.000000,0.1
2022-01-20T02:46:00.000000,0.1
2022-01-20T02:51:00.000000,0.4
2022-01-20T02:56:00.000000,0.3
2022-01-20T03:01:00.000000,0.4
2022-01-20T03:06:00.000000,0.5
2022-01-20T03:11:00.000000,0.3
2022-01-20T03:16:00.000000,0.2
2022-01-20T03:21:00.000000,0.1
2022-01-20T03:26:00.000000,0.4
2022-01-20T03:31:00.000000,0.6
2022-01-20T03:36:00.000000,0.3
2022-01-20T03:41:00.000000,0.2
2022-01-20T03:46:00.000000,-0.2
2022-01-20T03:51:00.000000,-0.4
2022-01-20T03:56:00.000000,0.3
2022-01-20T04:01:00.000000,0.9
2022-01-20T04:06:00.000000,0.7
2022-01-20T04:11:00.000000,0.3
2022-01-20T04:16:00.000000,-0.5
2022-01-20T04:21:00.000000,-0.8
2022-01-20T04:26:00.000000,0.3
2022-01-20T04:31:00.000000,-0.9
2022-01-20T04:36:00.000000,2.2
2022-01-20T04:41:00.000000,3.7
2022-01-20T04:46:00.000000,-0.8
2022-01-20T04:51:00.000000,-1.6
2022-01-20T04:56:00.000000,0.0
2022-01-20T05:01:00.000000,1.2
2022-01-20T05:06:00.000000,-0.8
2022-01-20T05:11:00.000000,-1.2
2022-01-20T05:16:00.000000,0.1
2022-01-20T05:21:00.000000,-0.4
2022-01-20T05:26:00.000000,-1.4
2022-01-20T05:31:00.000000,-2.5
2022-01-20T05:36:00.000000,-1.8
2022-01-20T05:41:00.000000,0.5
2022-01-20T05:46:00.000000,0.6
2022-01-20T05:51:00.000000,-0.8
2022-01-20T05:56:00.000000,-1.3
2022-01-20T06:01:00.000000,-1.2
2022-01-20T06:06:00.000000,-0.8
2022-01-20T06:11:00.000000,-0.6
2022-01-20T06:16:00.000000,-0.7
2022-01-20T06:21:00.000000,-1.1
2022-01-20T06:26:00.000000,-1.5
2022-01-20T06:31:00.000000,-0.6
2022-01-20T06:36:00.000000,0.6
2022-01-20T06:41:00.000000,-0.9
2022-01-20T06:46:00.000000,-2.1
2022-01-20T06:51:00.000000,-1.4
2022-01-20T06:56:00.000000,-1.7
2022-01-20T07:01:00.000000,-1.1
2022-01-20T07:06:00.000000,0.3
2022-01-20T07:11:00.000000,1.3
2022-01-20T07:16:00.000000,1.9
2022-01-20T07:21:00.000000,0.8
2022-01-20T07:26:00.000000,0.2
2022-01-20T07:31:00.000000,-0.6
2022-01-20T07:36:00.000000,-2.0
2022-01-20T07:41:00.000000,-1.9
2022-01-20T07:46:00.000000,-0.7
2022-01-20T07:51:00.000000,1.0
2022-01-20T07:56:00.000000,0.7
2022-01-20T08:01:00.000000,-1.2
2022-01-20T08:06:00.000000,-1.1
2022-01-20T08:11:00.000000,0.4
2022-01-20T08:16:00.000000,1.3
2022-01-20T08:21:00.000000,2.1
2022-01-20T08:26:00.000000,1.5
2022-01-20T08:31:00.000000,0.4
2022-01-20T08:36:00.000000,0.2
2022-01-20T08:41:00.000000,0.7
2022-01-20T08:46:00.000000,1.0
2022-01-20T08:51:00.000000,-0.8
2022-01-20T08:56:00.000000,-0.9
2022-01-20T09:01:00.000000,0.7
2022-01-20T09:06:00.000000,0.7
2022-01-20T09:11:00.000000,-0.6
2022-01-20T09:16:00.000000,-1.9
2022-01-20T09:21:00.000000,-1.4
2022-01-20T09:26:00.000000,-0.3
2022-01-20T09:31:00.000000,-0.3
2022-01-20T09:36:00.000000,-0.2
2022-01-20T09:41:00.000000,-0.5
2022-01-20T09:46:00.000000,-1.1
2022-01-20T09:51:00.000000,-0.5
2022-01-20T09:56:00.000000,0.0
2022-01-20T10:01:00.000000,-0.3
2022-01-20T10:06:00.000000,-0.5
2022-01-20T10:11:00.000000,-0.3
2022-01-20T10:16:00.000000,-0.1
2022-01-20T10:21:00.000000,-0.1
2022-01-20T10:26:00.000000,-0.2
2022-01-20T10:31:00.000000,-0.2
2022-01-20T10:36:00.000000,-0.4
2022-01-20T10:41:00.000000,-0.8
2022-01-20T10:46:00.000000,-1.3
2022-01-20T10:51:00.000000,-1.6
2022-01-20T10:56:00.000000,-1.5
2022-01-20T11:01:00.000000,-1.6
2022-01-20T11:06:00.000000,-1.6
2022-01-20T11:11:00.000000,-1.0
2022-01-20T11:16:00.000000,-0.5
2022-01-20T11:21:00.000000,-0.3
2022-01-20T11:26:00.000000,0.7
2022-01-20T11:31:00.000000,1.9
2022-01-20T11:36:00.000000,2.4
2022-01-20T11:41:00.000000,2.8
2022-01-20T11:46:00.000000,2.5
2022-01-20T11:51:00.000000,1.3
2022-01-20T11:56:00.000000,1.3
2022-01-20T12:01:00.000000,1.7
2022-01-20T12:06:00.000000,1.3
2022-01-20T12:11:00.000000,1.8
2022-01-20T12:16:00.000000,1.4
2022-01-20T12:21:00.000000,0.3
2022-01-20T12:26:00.000000,0.5
2022-01-20T12:31:00.000000,1.1
2022-01-20T12:36:00.000000,0.9
2022-01-20T12:41:00.000000,0.6
2022-01-20T12:46:00.000000,0.6
2022-01-20T12:51:00.000000,0.1
2022-01-20T12:56:00.000000,-0.3
2022-01-20T13:01:00.000000,-0.7
2022-01-20T13:06:00.000000,0.4
2022-01-20T13:11:00.000000,0.8
2022-01-20T13:16:00.000000,0.5
2022-01-20T13:21:00.000000,0.8
2022-01-20T13:26:00.000000,0.1
2022-01-20T13:31:00.000000,-0.7
2022-01-20T13:36:00.000000,-1.2
2022-01-20T13:41:00.000000,-0.5
2022-01-20T13:46:00.000000,0.8
2022-01-20T13:51:00.000000,0.7
2022-01-20T13:56:00.000000,0.2
2022-01-20T14:01:00.000000,0.3
2022-01-20T14:06:00.000000,0.1
2022-01-20T14:11:00.000000,0.2
2022-01-20T14:16:00.000000,-0.2
2022-01-20T14:21:00.000000,-1.0
2022-01-20T14:26:00.000000,-1.0
2022-01-20T14:31:00.000000,-0.9
2022-01-20T14:36:00.000000,-1.6
2022-01-20T14:41:00.000000,-6.4
2022-01-20T22:02:00.000000,-5.1
2022-01-20T22:07:00.000000,0.2
2022-01-20T22:12:00.000000,0.1
2022-01-20T22:17:00.000000,0.0
2022-01-20T22:22:00.000000,-0.2
2022-01-20T22:27:00.000000,-0.2
2022-01-20T22:32:00.000000,-0.2
2022-01-20T22:37:00.000000,-0.3
2022-01-20T22:42:00.000000,-0.4
2022-01-20T22:47:00.000000,-0.3
2022-01-20T22:52:00.000000,-0.4
2022-01-20T22:57:00.000000,-0.5
2022-01-20T23:02:00.000000,1.5
2022-01-20T23:07:00.000000,2.8
2022-01-20T23:12:00.000000,2.1
2022-01-20T23:17:00.000000,0.6
2022-01-20T23:22:00.000000,-1.3
2022-01-20T23:27:00.000000,-1.9
2022-01-20T23:32:00.000000,-1.8
2022-01-20T23:37:00.000000,-1.6
2022-01-20T23:42:00.000000,-1.6
2022-01-20T23:47:00.000000,-1.6
2022-01-20T23:52:00.000000,-1.6
2022-01-20T23:57:00.000000,-1.7
2022-01-21T00:02:00.000000,-2.9
2022-01-21T00:07:00.000000,-3.0
2022-01-21T00:12:00.000000,-2.1
2022-01-21T00:17:00.000000,-1.9
2022-01-21T00:22:00.000000,-1.3
2022-01-21T00:27:00.000000,-0.7
2022-01-21T00:32:00.000000,-0.4
2022-01-21T00:37:00.000000,-0.3
2022-01-21T00:42:00.000000,-0.1
2022-01-21T00:47:00.000000,-0.1
2022-01-21T00:52:00.000000,-0.2
2022-01-21T00:57:00.000000,-0.1
2022-01-21T01:02:00.000000,-0.1
2022-01-21T01:07:00.000000,-0.1
2022-01-21T01:12:00.000000,0.0
2022-01-21T01:17:00.000000,0.1
2022-01-21T01:22:00.000000,0.2
2022-01-21T01:27:00.000000,0.1
2022-01-21T01:32:00.000000,0.0
2022-01-21T01:37:00.000000,-0.1
2022-01-21T01:42:00.000000,-0.1
2022-01-21T01:47:00.000000,0.0
2022-01-21T01:52:00.000000,0.0
2022-01-21T01:57:00.000000,0.0
2022-01-21T02:02:00.000000,0.1
2022-01-21T02:07:00.000000,0.2
2022-01-21T02:12:00.000000,0.2
2022-01-21T02:17:00.000000,0.2
2022-01-21T02:22:00.000000,0.2
2022-01-21T02:27:00.000000,0.2
2022-01-21T02:32:00.000000,0.2
2022-01-21T02:37:00.000000,1.1
2022-01-21T02:42:00.000000,1.3
2022-01-21T02:47:00.000000,0.2
2022-01-21T02:52:00.000000,2.0
2022-01-21T02:57:00.000000,1.7
2022-01-21T03:02:00.000000,-1.0
2022-01-21T03:07:00.000000,-0.4
2022-01-21T03:12:00.000000,0.7
2022-01-21T03:17:00.000000,0.8
2022-01-21T03:22:00.000000,0.4
2022-01-21T03:27:00.000000,0.3
2022-01-21T03:32:00.000000,0.1
2022-01-21T03:37:00.000000,-0.2
2022-01-21T03:42:00.000000,0.3
2022-01-21T03:47:00.000000,0.5
2022-01-21T03:52:00.000000,0.4
2022-01-21T03:57:00.000000,0.5
2022-01-21T04:02:00.000000,-0.4
2022-01-21T04:07:00.000000,-1.3
2022-01-21T04:12:00.000000,-1.0
2022-01-21T04:17:00.000000,0.2
2022-01-21T04:22:00.000000,1.1
2022-01-21T04:27:00.000000,0.6
2022-01-21T04:32:00.000000,0.7
2022-01-21T04:37:00.000000,2.4
2022-01-21T04:42:00.000000,3.0
2022-01-21T04:47:00.000000,2.3
2022-01-21T04:52:00.000000,1.9
2022-01-21T04:57:00.000000,1.5
2022-01-21T05:02:00.000000,1.5
2022-01-21T05:07:00.000000,1.9
2022-01-21T05:12:00.000000,2.6
2022-01-21T05:17:00.000000,2.2
2022-01-21T05:22:00.000000,0.5
2022-01-21T05:27:00.000000,0.1
2022-01-21T05:32:00.000000,1.8
2022-01-21T05:37:00.000000,2.2
2022-01-21T05:42:00.000000,0.7
2022-01-21T05:47:00.000000,0.5
2022-01-21T05:52:00.000000,1.1
2022-01-21T05:57:00.000000,0.3
2022-01-21T06:02:00.000000,-0.1
2022-01-21T06:07:00.000000,0.9
2022-01-21T06:12:00.000000,0.4
2022-01-21T06:17:00.000000,-0.1
2022-01-21T06:22:00.000000,1.2
2022-01-21T06:27:00.000000,3.1
2022-01-21T06:32:00.000000,1.0
2022-01-21T06:37:00.000000,-1.5
2022-01-21T06:42:00.000000,-1.4
2022-01-21T06:47:00.000000,-1.9
2022-01-21T06:52:00.000000,-1.7
2022-01-21T06:57:00.000000,-0.7
2022-01-21T07:02:00.000000,-0.1
2022-01-21T07:07:00.000000,0.1
2022-01-21T07:12:00.000000,0.5
2022-01-21T07:17:00.000000,-0.2
2022-01-21T07:22:00.000000,-1.0
2022-01-21T07:27:00.000000,-0.6
2022-01-21T07:32:00.000000,-0.2
2022-01-21T07:37:00.000000,-0.7
2022-01-21T07:42:00.000000,-0.6
2022-01-21T07:47:00.000000,0.7
2022-01-21T07:52:00.000000,1.1
2022-01-21T07:57:00.000000,0.9
2022-01-21T08:02:00.000000,0.8
2022-01-21T08:07:00.000000,0.0
2022-01-21T08:12:00.000000,-0.4
2022-01-21T08:17:00.000000,0.4
2022-01-21T08:22:00.000000,0.6
2022-01-21T08:27:00.000000,-0.4
2022-01-21T08:32:00.000000,-1.3
2022-01-21T08:37:00.000000,-1.7
2022-01-21T08:42:00.000000,-1.8
2022-01-21T08:47:00.000000,-1.5
2022-01-21T08:52:00.000000,-0.9
2022-01-21T08:57:00.000000,-0.1
2022-01-21T09:02:00.000000,0.8
2022-01-21T09:07:00.000000,1.0
2022-01-21T09:12:00.000000,0.6
2022-01-21T09:17:00.000000,0.4
2022-01-21T09:22:00.000000,0.3
2022-01-21T09:27:00.000000,-0.7
2022-01-21T09:32:00.000000,-1.5
2022-01-21T09:37:00.000000,-0.9
2022-01-21T09:42:00.000000,-0.1
2022-01-21T09:47:00.000000,-0.3
2022-01-21T09:52:00.000000,0.9
2022-01-21T09:57:00.000000,1.2
2022-01-21T10:02:00.000000,0.1
2022-01-21T10:07:00.000000,0.1
2022-01-21T10:12:00.000000,-0.1
2022-01-21T10:17:00.000000,0.0
2022-01-21T10:22:00.000000,-0.5
2022-01-21T10:27:00.000000,-1.1
2022-01-21T10:32:00.000000,-0.7
2022-01-21T10:37:00.000000,-0.8
2022-01-21T10:42:00.000000,-1.1
2022-01-21T10:47:00.000000,-0.3
2022-01-21T10:52:00.000000,0.0
2022-01-21T10:57:00.000000,-0.9
2022-01-21T11:02:00.000000,-0.9
2022-01-21T11:07:00.000000,-0.2
2022-01-21T11:12:00.000000,-0.2
2022-01-21T11:17:00.000000,-0.1
2022-01-21T11:22:00.000000,-0.1
2022-01-21T11:27:00.000000,-0.2
2022-01-21T11:32:00.000000,0.8
2022-01-21T11:37:00.000000,2.9
2022-01-21T11:42:00.000000,4.2
2022-01-21T11:47:00.000000,3.8
2022-01-21T11:52:00.000000,2.6
2022-01-21T11:57:00.000000,2.1
2022-01-21T12:02:00.000000,3.2
2022-01-21T12:07:00.000000,3.5
2022-01-21T12:12:00.000000,2.3
2022-01-21T12:17:00.000000,2.0
2022-01-21T12:22:00.000000,1.4
2022-01-21T12:27:00.000000,0.2
2022-01-21T12:32:00.000000,-0.3
2022-01-21T12:37:00.000000,-0.3
2022-01-21T12:42:00.000000,-1.3
2022-01-21T12:47:00.000000,-2.6
2022-01-21T12:52:00.000000,-2.8
2022-01-21T12:57:00.000000,-2.5
2022-01-21T13:02:00.000000,-2.8
2022-01-21T13:07:00.000000,-3.7
2022-01-21T13:12:00.000000,-4.1
2022-01-21T13:17:00.000000,-3.3
2022-01-21T13:22:00.000000,-2.4
2022-01-21T13:27:00.000000,-2.6
2022-01-21T13:32:00.000000,-2.6
2022-01-21T13:37:00.000000,-1.9
2022-01-21T13:42:00.000000,-1.3
2022-01-21T13:47:00.000000,-0.7
2022-01-21T13:52:00.000000,0.6
2022-01-21T13:57:00.000000,1.3
2022-01-21T14:02:00.000000,0.6
2022-01-21T14:07:00.000000,-0.3
2022-01-21T14:12:00.000000,-1.0
2022-01-21T14:17:00.000000,-1.4
2022-01-21T14:22:00.000000,-1.6
2022-01-21T14:27:00.000000,-1.6
2022-01-21T14:32:00.000000,-1.6
2022-01-21T14:37:00.000000,-1.9
2022-01-21T14:42:00.000000,-1.7
2022-01-21T14:47:00.000000,-1.5
2022-01-21T14:52:00.000000,-1.3
2022-01-21T14:57:00.000000,-0.7
2022-01-21T15:02:00.000000,1.0
2022-01-21T15:07:00.000000,1.7
2022-01-21T15:12:00.000000,0.0
2022-01-21T15:17:00.000000,0.1
2022-01-21T15:22:00.000000,2.0
2022-01-21T15:27:00.000000,3.2
2022-01-21T15:32:00.000000,3.4
2022-01-21T15:37:00.000000,2.5
2022-01-21T15:42:00.000000,0.8
2022-01-21T15:47:00.000000,-0.4
2022-01-21T15:52:00.000000,-0.8
2022-01-21T15:57:00.000000,-1.2
2022-01-21T16:02:00.000000,-1.7
2022-01-21T16:07:00.000000,-1.9
2022-01-21T16:12:00.000000,-1.5
2022-01-21T16:17:00.000000,-1.3
2022-01-21T16:22:00.000000,-1.2
2022-01-21T16:27:00.000000,-1.0
2022-01-21T16:32:00.000000,-2.5
2022-01-21T16:47:00.000000,-2.1
2022-01-21T16:52:00.000000,0.2
2022-01-21T16:57:00.000000,1.1
2022-01-21T17:02:00.000000,1.6
2022-01-21T17:07:00.000000,1.2
2022-01-21T17:12:00.000000,0.9
2022-01-21T17:17:00.000000,0.8
2022-01-21T17:22:00.000000,0.6
2022-01-21T17:27:00.000000,0.6
2022-01-21T17:32:00.000000,0.9
2022-01-21T17:37:00.000000,1.4
2022-01-21T17:42:00.000000,1.8
2022-01-21T17:47:00.000000,1.9
2022-01-21T17:52:00.000000,2.0
2022-01-21T17:57:00.000000,2.1
2022-01-21T18:02:00.000000,1.9
2022-01-21T18:07:00.000000,2.0
2022-01-21T18:12:00.000000,1.9
2022-01-21T18:17:00.000000,1.8
2022-01-21T18:22:00.000000,2.1
2022-01-21T18:27:00.000000,1.9
2022-01-21T18:32:00.000000,1.6
2022-01-21T18:37:00.000000,1.9
2022-01-21T18:42:00.000000,1.7
2022-01-21T18:47:00.000000,0.8
2022-01-21T18:52:00.000000,0.5
2022-01-21T18:57:00.000000,0.3
2022-01-21T19:02:00.000000,-0.2
2022-01-21T19:07:00.000000,-0.4
2022-01-21T19:12:00.000000,0.0
2022-01-21T19:17:00.000000,0.4
2022-01-21T19:22:00.000000,0.1
2022-01-21T19:27:00.000000,-0.1
2022-01-21T19:32:00.000000,0.0
2022-01-21T19:37:00.000000,-0.1
2022-01-21T19:42:00.000000,-0.3
2022-01-21T19:47:00.000000,-0.6
2022-01-21T19:52:00.000000,-0.8
2022-01-21T19:57:00.000000,-1.0
2022-01-21T20:02:00.000000,-1.2
2022-01-21T20:07:00.000000,-1.3
2022-01-21T20:12:00.000000,-1.3
2022-01-21T20:17:00.000000,-1.3
2022-01-21T20:22:00.000000,-1.2
2022-01-21T20:27:00.000000,-1.0
2022-01-21T20:32:00.000000,-0.9
2022-01-21T20:37:00.000000,-0.8
2022-01-21T20:42:00.000000,-0.8
2022-01-21T20:47:00.000000,-0.8
2022-01-21T20:52:00.000000,-0.7
2022-01-21T20:57:00.000000,-0.7
2022-01-21T21:02:00.000000,-0.8
2022-01-21T21:07:00.000000,-0.4
2022-01-21T21:12:00.000000,0.0
2022-01-21T21:17:00.000000,-0.5
2022-01-21T21:22:00.000000,-0.9
2022-01-21T21:27:00.000000,-0.7
2022-01-21T21:32:00.000000,-0.3
2022-01-21T21:37:00.000000,-0.1
2022-01-21T21:42:00.000000,0.0
2022-01-21T21:47:00.000000,0.0
2022-01-21T21:52:00.000000,-0.2
2022-01-21T21:57:00.000000,-0.2
2022-01-21T22:02:00.000000,-0.2
2022-01-21T22:07:00.000000,-0.3
2022-01-21T22:12:00.000000,-0.5
2022-01-21T22:17:00.000000,-0.6
2022-01-21T22:22:00.000000,-0.2
2022-01-21T22:27:00.000000,0.2
2022-01-21T22:32:00.000000,0.1
2022-01-21T22:37:00.000000,-0.2
2022-01-21T22:42:00.000000,-0.4
2022-01-21T22:47:00.000000,-0.3
2022-01-21T22:52:00.000000,-0.3
2022-01-21T22:57:00.000000,-0.3
2022-01-21T23:02:00.000000,-0.1
2022-01-21T23:07:00.000000,0.1
2022-01-21T23:12:00.000000,0.1
2022-01-21T23:17:00.000000,0.0
2022-01-21T23:22:00.000000,-0.1
2022-01-21T23:27:00.000000,-0.2
2022-01-21T23:32:00.000000,-0.2
2022-01-21T23:37:00.000000,-0.2
2022-01-21T23:42:00.000000,-0.2
2022-01-21T23:47:00.000000,-0.1
2022-01-21T23:52:00.000000,-0.1
2022-01-21T23:57:00.000000,-0.2
2022-01-22T00:02:00.000000,-0.2
2022-01-22T00:07:00.000000,-0.3
2022-01-22T00:12:00.000000,-0.4
2022-01-22T00:17:00.000000,-0.3
2022-01-22T00:22:00.000000,-0.2
2022-01-22T00:27:00.000000,-0.2
2022-01-22T00:32:00.000000,-0.2
2022-01-22T00:37:00.000000,-0.1
2022-01-22T00:42:00.000000,-0.2
2022-01-22T00:47:00.000000,-0.3
2022-01-22T00:52:00.000000,-0.3
2022-01-22T00:57:00.000000,-0.4
2022-01-22T01:02:00.000000,-0.3
2022-01-22T01:07:00.000000,-0.1
2022-01-22T01:12:00.000000,-0.1
2022-01-22T01:17:00.000000,-0.1
2022-01-22T01:22:00.000000,0.0
2022-01-22T01:27:00.000000,0.0
2022-01-22T01:32:00.000000,0.2
2022-01-22T01:37:00.000000,0.3
2022-01-22T01:42:00.000000,0.0
2022-01-22T01:47:00.000000,-0.1
2022-01-22T01:52:00.000000,-0.1
2022-01-22T01:57:00.000000,-0.2
2022-01-22T02:02:00.000000,-0.1
2022-01-22T02:07:00.000000,-0.1
2022-01-22T02:12:00.000000,-0.1
2022-01-22T02:17:00.000000,0.0
2022-01-22T02:22:00.000000,0.1
2022-01-22T02:27:00.000000,0.1
2022-01-22T02:32:00.000000,0.0
2022-01-22T02:37:00.000000,0.3
2022-01-22T02:42:00.000000,0.6
2022-01-22T02:47:00.000000,0.1
2022-01-22T02:52:00.000000,-0.1
2022-01-22T02:57:00.000000,0.2
2022-01-22T03:02:00.000000,-0.2
2022-01-22T03:07:00.000000,-0.6
2022-01-22T03:12:00.000000,-0.5
2022-01-22T03:17:00.000000,-0.3
2022-01-22T03:22:00.000000,-0.3
2022-01-22T03:27:00.000000,-0.4
2022-01-22T03:32:00.000000,-0.4
2022-01-22T03:37:00.000000,-0.3
2022-01-22T03:42:00.000000,-0.3
2022-01-22T03:47:00.000000,-0.3
2022-01-22T03:52:00.000000,-0.2
2022-01-22T03:57:00.000000,0.2
2022-01-22T04:02:00.000000,0.5
2022-01-22T04:07:00.000000,-0.1
2022-01-22T04:12:00.000000,-0.4
2022-01-22T04:17:00.000000,-0.2
2022-01-22T04:22:00.000000,-0.1
2022-01-22T04:27:00.000000,-0.1
2022-01-22T04:32:00.000000,1.4
2022-01-22T05:57:00.000000,2.0
2022-01-22T06:02:00.000000,0.8
2022-01-22T06:07:00.000000,0.5
2022-01-22T06:12:00.000000,0.4
2022-01-22T06:17:00.000000,0.5
2022-01-22T06:22:00.000000,0.6
2022-01-22T06:27:00.000000,0.6
2022-01-22T06:32:00.000000,0.7
2022-01-22T06:37:00.000000,0.7
2022-01-22T06:42:00.000000,0.7
2022-01-22T06:47:00.000000,0.9
2022-01-22T06:52:00.000000,0.7
2022-01-22T06:57:00.000000,0.3
2022-01-22T07:02:00.000000,0.2
2022-01-22T07:07:00.000000,0.3
2022-01-22T07:12:00.000000,0.4
2022-01-22T07:17:00.000000,0.4
2022-01-22T07:22:00.000000,0.9
2022-01-22T07:27:00.000000,1.1
2022-01-22T07:32:00.000000,1.0
2022-01-22T07:37:00.000000,2.6
2022-01-22T07:42:00.000000,3.2
2022-01-22T07:47:00.000000,1.3
2022-01-22T07:52:00.000000,0.0
2022-01-22T07:57:00.000000,0.0
2022-01-22T08:02:00.000000,0.2
2022-01-22T08:07:00.000000,0.3
2022-01-22T08:12:00.000000,0.6
2022-01-22T08:17:00.000000,1.0
2022-01-22T08:22:00.000000,1.5
2022-01-22T08:27:00.000000,1.2
2022-01-22T08:32:00.000000,-0.1
2022-01-22T08:37:00.000000,-0.7
2022-01-22T08:42:00.000000,0.9
2022-01-22T08:47:00.000000,1.8
2022-01-22T08:52:00.000000,0.3
2022-01-22T08:57:00.000000,-0.2
2022-01-22T09:02:00.000000,0.4
2022-01-22T09:07:00.000000,0.5
2022-01-22T09:12:00.000000,0.3
2022-01-22T09:17:00.000000,0.0
2022-01-22T09:22:00.000000,-0.2
2022-01-22T09:27:00.000000,0.1
2022-01-22T09:32:00.000000,1.2
2022-01-22T09:37:00.000000,1.5
2022-01-22T09:42:00.000000,0.8
2022-01-22T09:47:00.000000,0.7
2022-01-22T09:52:00.000000,0.7
2022-01-22T09:57:00.000000,0.8
2022-01-22T10:02:00.000000,1.1
2022-01-22T10:07:00.000000,0.8
2022-01-22T10:12:00.000000,0.5
2022-01-22T10:17:00.000000,0.4
2022-01-22T10:22:00.000000,-0.3
2022-01-22T10:27:00.000000,-0.5
2022-01-22T10:32:00.000000,0.1
2022-01-22T10:37:00.000000,-0.5
2022-01-22T10:42:00.000000,-1.4
2022-01-22T10:47:00.000000,-0.9
2022-01-22T10:52:00.000000,-1.2
2022-01-22T10:57:00.000000,-1.4
2022-01-22T11:02:00.000000,-2.0
2022-01-22T11:07:00.000000,-3.5
2022-01-22T11:12:00.000000,-3.5
2022-01-22T11:17:00.000000,-2.8
2022-01-22T11:22:00.000000,-2.2
2022-01-22T11:27:00.000000,-2.0
2022-01-22T11:32:00.000000,-2.1
2022-01-22T11:37:00.000000,-1.9
2022-01-22T11:42:00.000000,-1.4
2022-01-22T11:47:00.000000,-1.8
2022-01-22T11:52:00.000000,-2.6
2022-01-22T11:57:00.000000,-2.6
2022-01-22T12:02:00.000000,-1.9
2022-01-22T12:07:00.000000,-1.2
2022-01-22T12:12:00.000000,-0.9
2022-01-22T12:17:00.000000,-1.0
2022-01-22T12:22:00.000000,-1.1
2022-01-22T12:27:00.000000,-1.0
2022-01-22T12:32:00.000000,-0.9
2022-01-22T12:37:00.000000,-0.7
2022-01-22T12:42:00.000000,-0.4
2022-01-22T12:47:00.000000,-0.1
2022-01-22T12:52:00.000000,0.1
2022-01-22T12:57:00.000000,0.2
2022-01-22T13:02:00.000000,0.0
2022-01-22T13:07:00.000000,-0.2
2022-01-22T13:12:00.000000,0.0
2022-01-22T13:17:00.000000,0.3
2022-01-22T13:22:00.000000,0.5
2022-01-22T13:27:00.000000,0.5
2022-01-22T13:32:00.000000,0.9
2022-01-22T13:37:00.000000,1.5
2022-01-22T13:42:00.000000,1.1
2022-01-22T13:47:00.000000,0.4
2022-01-22T13:52:00.000000,0.1
2022-01-22T13:57:00.000000,0.1
2022-01-22T14:02:00.000000,0.3
2022-01-22T14:07:00.000000,0.8
2022-01-22T14:12:00.000000,1.1
2022-01-22T14:17:00.000000,0.8
2022-01-22T14:22:00.000000,0.8
2022-01-22T14:27:00.000000,1.0
2022-01-22T14:32:00.000000,0.9
2022-01-22T14:37:00.000000,0.9
2022-01-22T14:42:00.000000,1.1
2022-01-22T14:47:00.000000,1.3
2022-01-22T14:52:00.000000,1.5
2022-01-22T14:57:00.000000,1.1
2022-01-22T15:02:00.000000,0.5
2022-01-22T15:07:00.000000,0.4
2022-01-22T15:12:00.000000,0.3
2022-01-22T15:17:00.000000,0.5
2022-01-22T15:22:00.000000,0.8
2022-01-22T15:27:00.000000,0.7
2022-01-22T15:32:00.000000,0.8
2022-01-22T15:37:00.000000,0.9
2022-01-22T15:42:00.000000,0.4
2022-01-22T15:47:00.000000,0.0
2022-01-22T15:52:00.000000,0.0
2022-01-22T15:57:00.000000,-0.1
2022-01-22T16:02:00.000000,-0.1
2022-01-22T16:07:00.000000,0.2
2022-01-22T16:12:00.000000,0.4
2022-01-22T16:17:00.000000,0.2
2022-01-22T16:22:00.000000,0.0
2022-01-22T16:27:00.000000,-0.3
2022-01-22T16:32:00.000000,-0.5
2022-01-22T16:37:00.000000,-0.4
2022-01-22T16:42:00.000000,-0.8
2022-01-22T16:47:00.000000,-0.9
2022-01-22T16:52:00.000000,-0.6
2022-01-22T16:57:00.000000,-0.7
2022-01-22T17:02:00.000000,-0.6
2022-01-22T17:07:00.000000,-0.5
2022-01-22T17:12:00.000000,-0.6
2022-01-22T17:17:00.000000,-0.8
2022-01-22T17:22:00.000000,-0.8
2022-01-22T17:27:00.000000,-0.4
2022-01-22T17:32:00.000000,0.0
2022-01-22T17:37:00.000000,-0.1
2022-01-22T17:42:00.000000,-0.6
2022-01-22T17:47:00.000000,-0.8
2022-01-22T17:52:00.000000,-0.8
2022-01-22T17:57:00.000000,-0.8
2022-01-22T18:02:00.000000,-0.6
2022-01-22T18:07:00.000000,-0.1
2022-01-22T18:12:00.000000,0.6
2022-01-22T18:17:00.000000,1.1
2022-01-22T18:22:00.000000,0.9
2022-01-22T18:27:00.000000,0.4
2022-01-22T18:32:00.000000,0.1
2022-01-22T18:37:00.000000,0.1
2022-01-22T18:42:00.000000,0.5
2022-01-22T18:47:00.000000,0.6
2022-01-22T18:52:00.000000,0.6
2022-01-22T18:57:00.000000,0.6
2022-01-22T19:02:00.000000,0.6
2022-01-22T19:07:00.000000,0.5
2022-01-22T19:12:00.000000,0.2
2022-01-22T19:17:00.000000,0.0
2022-01-22T19:22:00.000000,-7.4
2022-01-22T22:12:00.000000,-7.1
2022-01-22T22:17:00.000000,0.3
2022-01-22T22:22:00.000000,0.4
2022-01-22T22:27:00.000000,0.8
2022-01-22T22:32:00.000000,0.9
2022-01-22T22:37:00.000000,0.8
2022-01-22T22:42:00.000000,0.8
2022-01-22T22:47:00.000000,0.7
2022-01-22T22:52:00.000000,0.4
2022-01-22T22:57:00.000000,0.2
2022-01-22T23:02:00.000000,0.1
2022-01-22T23:07:00.000000,0.1
2022-01-22T23:12:00.000000,0.1
2022-01-22T23:17:00.000000,-0.1
2022-01-22T23:22:00.000000,-0.2
2022-01-22T23:27:00.000000,-0.2
2022-01-22T23:32:00.000000,0.0
2022-01-22T23:37:00.000000,0.1
2022-01-22T23:42:00.000000,0.0
2022-01-22T23:47:00.000000,0.1
2022-01-22T23:52:00.000000,0.1
2022-01-22T23:57:00.000000,0.1
2022-01-23T00:02:00.000000,0.1
2022-01-23T00:07:00.000000,0.0
2022-01-23T00:12:00.000000,-0.1
2022-01-23T00:17:00.000000,-0.2
2022-01-23T00:22:00.000000,-0.1
2022-01-23T00:27:00.000000,0.0
2022-01-23T00:32:00.000000,-0.1
2022-01-23T00:37:00.000000,-0.2
2022-01-23T00:42:00.000000,-0.2
2022-01-23T00:47:00.000000,-0.2
2022-01-23T00:52:00.000000,-0.1
2022-01-23T00:57:00.000000,-0.2
2022-01-23T01:02:00.000000,-0.2
2022-01-23T01:07:00.000000,-0.1
2022-01-23T01:12:00.000000,-0.1
2022-01-23T01:17:00.000000,-0.1
2022-01-23T01:22:00.000000,-0.1
2022-01-23T01:27:00.000000,0.1
2022-01-23T01:32:00.000000,0.5
2022-01-23T01:37:00.000000,0.2
2022-01-23T01:42:00.000000,-0.7
2022-01-23T01:47:00.000000,-0.8
2022-01-23T01:52:00.000000,-0.6
2022-01-23T01:57:00.000000,-0.6
2022-01-23T02:02:00.000000,-0.5
2022-01-23T02:07:00.000000,-0.4
2022-01-23T02:12:00.000000,-0.3
2022-01-23T02:17:00.000000,-0.2
2022-01-23T02:22:00.000000,-0.2
2022-01-23T02:27:00.000000,-0.2
2022-01-23T02:32:00.000000,-0.2
2022-01-23T02:37:00.000000,-0.2
2022-01-23T02:42:00.000000,-0.1
2022-01-23T02:47:00.000000,-0.1
2022-01-23T02:52:00.000000,-0.1
2022-01-23T02:57:00.000000,-0.1
2022-01-23T03:02:00.000000,-0.2
2022-01-23T03:07:00.000000,-0.1
2022-01-23T03:12:00.000000,0.1
2022-01-23T03:17:00.000000,0.2
2022-01-23T03:22:00.000000,0.1
2022-01-23T03:27:00.000000,0.0
2022-01-23T03:32:00.000000,0.0
2022-01-23T03:37:00.000000,0.0
2022-01-23T03:42:00.000000,0.1
2022-01-23T03:47:00.000000,0.1
2022-01-23T03:52:00.000000,0.0
2022-01-23T03:57:00.000000,-0.1
2022-01-23T04:02:00.000000,-0.1
2022-01-23T04:07:00.000000,0.0
2022-01-23T04:12:00.000000,-0.1
2022-01-23T04:17:00.000000,-0.1
2022-01-23T04:22:00.000000,0.0
2022-01-23T04:27:00.000000,0.0
2022-01-23T04:32:00.000000,-0.1
2022-01-23T04:37:00.000000,-0.2
2022-01-23T04:42:00.000000,-0.2
2022-01-23T04:47:00.000000,-0.1
2022-01-23T04:52:00.000000,0.1
2022-01-23T04:57:00.000000,0.1
2022-01-23T05:02:00.000000,0.0
2022-01-23T05:07:00.000000,0.0
2022-01-23T05:12:00.000000,-0.1
2022-01-23T05:17:00.000000,-0.1
2022-01-23T05:22:00.000000,-0.2
2022-01-23T05:27:00.000000,-0.4
2022-01-23T05:32:00.000000,-0.1
2022-01-23T05:37:00.000000,0.1
2022-01-23T05:42:00.000000,-0.1
2022-01-23T05:47:00.000000,-0.2
2022-01-23T05:52:00.000000,-0.3
2022-01-23T05:57:00.000000,-0.3
2022-01-23T06:02:00.000000,-0.2
2022-01-23T06:07:00.000000,-0.2
2022-01-23T06:12:00.000000,-0.1
2022-01-23T06:17:00.000000,-0.1
2022-01-23T06:22:00.000000,-0.1
2022-01-23T06:27:00.000000,0.1
2022-01-23T06:32:00.000000,0.2
2022-01-23T06:37:00.000000,0.1
2022-01-23T06:42:00.000000,0.2
2022-01-23T06:47:00.000000,0.4
2022-01-23T06:52:00.000000,0.1
2022-01-23T06:57:00.000000,-0.1
2022-01-23T07:02:00.000000,0.1
2022-01-23T07:07:00.000000,0.0
2022-01-23T07:12:00.000000,0.0
2022-01-23T07:17:00.000000,0.4
2022-01-23T07:22:00.000000,0.4
2022-01-23T07:27:00.000000,0.3
2022-01-23T07:32:00.000000,0.4
2022-01-23T07:37:00.000000,0.4
2022-01-23T07:42:00.000000,0.3
2022-01-23T07:47:00.000000,0.3
2022-01-23T07:52:00.000000,-0.1
2022-01-23T07:57:00.000000,-0.7
2022-01-23T08:02:00.000000,-0.6
2022-01-23T08:07:00.000000,-0.4
2022-01-23T08:12:00.000000,-0.4
2022-01-23T08:17:00.000000,-0.2
2022-01-23T08:22:00.000000,-0.4
2022-01-23T08:27:00.000000,0.9
2022-01-23T08:32:00.000000,1.0
2022-01-23T08:37:00.000000,-0.1
2022-01-23T08:42:00.000000,0.4
2022-01-23T08:47:00.000000,0.3
2022-01-23T08:52:00.000000,0.1
2022-01-23T08:57:00.000000,0.0
2022-01-23T09:02:00.000000,0.4
2022-01-23T09:07:00.000000,1.1
2022-01-23T09:12:00.000000,1.4
2022-01-23T09:17:00.000000,1.3
2022-01-23T09:22:00.000000,0.8
2022-01-23T09:27:00.000000,0.3
2022-01-23T09:32:00.000000,-0.2
2022-01-23T09:37:00.000000,-0.6
2022-01-23T09:42:00.000000,-0.2
2022-01-23T09:47:00.000000,0.1
2022-01-23T09:52:00.000000,0.1
2022-01-23T09:57:00.000000,-0.6
2022-01-23T10:02:00.000000,-1.6
2022-01-23T10:07:00.000000,-1.4
2022-01-23T10:12:00.000000,-0.6
2022-01-23T10:17:00.000000,0.2
2022-01-23T10:22:00.000000,0.9
2022-01-23T10:27:00.000000,1.2
2022-01-23T10:32:00.000000,1.4
2022-01-23T10:37:00.000000,1.5
2022-01-23T10:42:00.000000,1.0
2022-01-23T10:47:00.000000,0.9
2022-01-23T10:52:00.000000,0.9
2022-01-23T10:57:00.000000,0.9
2022-01-23T11:02:00.000000,1.3
2022-01-23T11:07:00.000000,1.4
2022-01-23T11:12:00.000000,1.5
2022-01-23T11:17:00.000000,1.3
2022-01-23T11:22:00.000000,1.0
2022-01-23T11:27:00.000000,0.7
2022-01-23T11:32:00.000000,0.0
2022-01-23T11:37:00.000000,-0.1
2022-01-23T11:42:00.000000,0.4
2022-01-23T11:47:00.000000,0.6
2022-01-23T11:52:00.000000,0.6
2022-01-23T11:57:00.000000,0.3
2022-01-23T12:02:00.000000,0.2
2022-01-23T12:07:00.000000,0.8
2022-01-23T12:12:00.000000,0.8
2022-01-23T12:17:00.000000,0.4
2022-01-23T12:22:00.000000,-0.1
2022-01-23T12:27:00.000000,-0.4
2022-01-23T12:32:00.000000,-0.1
2022-01-23T12:37:00.000000,0.0
2022-01-23T12:42:00.000000,0.0
2022-01-23T12:47:00.000000,0.6
2022-01-23T12:52:00.000000,1.9
2022-01-23T12:57:00.000000,2.7
2022-01-23T13:02:00.000000,1.5
2022-01-23T13:07:00.000000,-0.3
2022-01-23T13:12:00.000000,-0.4
2022-01-23T13:17:00.000000,-0.2
2022-01-23T13:22:00.000000,-0.6
2022-01-23T13:27:00.000000,-0.6
2022-01-23T13:32:00.000000,-0.4
2022-01-23T13:37:00.000000,-0.4
2022-01-23T13:42:00.000000,-0.3
2022-01-23T13:47:00.000000,0.0
2022-01-23T13:52:00.000000,0.3
2022-01-23T13:57:00.000000,0.4
2022-01-23T14:02:00.000000,0.5
2022-01-23T14:07:00.000000,1.2
2022-01-23T14:12:00.000000,1.5
2022-01-23T14:17:00.000000,1.2
2022-01-23T14:22:00.000000,1.1
2022-01-23T14:27:00.000000,1.0
2022-01-23T14:32:00.000000,0.9
2022-01-23T14:37:00.000000,0.4
2022-01-23T14:42:00.000000,0.2
2022-01-23T14:47:00.000000,0.3
2022-01-23T14:52:00.000000,-0.1
2022-01-23T14:57:00.000000,-0.5
2022-01-23T15:02:00.000000,-0.5
2022-01-23T15:07:00.000000,-0.2
2022-01-23T15:12:00.000000,-0.1
2022-01-23T15:17:00.000000,-0.6
2022-01-23T15:22:00.000000,-1.8
2022-01-23T15:27:00.000000,-2.1
2022-01-23T15:32:00.000000,-1.3
2022-01-23T15:37:00.000000,-0.9
2022-01-23T15:42:00.000000,-0.8
2022-01-23T15:47:00.000000,-0.6
2022-01-23T15:52:00.000000,-0.3
2022-01-23T15:57:00.000000,-0.2
2022-01-23T16:02:00.000000,-0.3
2022-01-23T16:07:00.000000,0.2
2022-01-23T16:12:00.000000,0.6
2022-01-23T16:17:00.000000,0.2
2022-01-23T16:22:00.000000,-0.8
2022-01-23T16:27:00.000000,-1.0
2022-01-23T16:32:00.000000,-0.5
2022-01-23T16:37:00.000000,-0.9
2022-01-23T16:42:00.000000,-0.5
2022-01-23T16:47:00.000000,0.0
2022-01-23T16:52:00.000000,-0.1
2022-01-23T16:57:00.000000,0.3
2022-01-23T17:02:00.000000,0.5
2022-01-23T17:07:00.000000,0.3
2022-01-23T17:12:00.000000,0.4
2022-01-23T17:17:00.000000,0.6
2022-01-23T17:22:00.000000,0.5
2022-01-23T17:27:00.000000,-0.1
2022-01-23T17:32:00.000000,-0.4
2022-01-23T17:37:00.000000,-0.4
2022-01-23T17:42:00.000000,-0.4
2022-01-23T17:47:00.000000,-0.6
2022-01-23T17:52:00.000000,-1.0
2022-01-23T17:57:00.000000,-0.6
2022-01-23T18:02:00.000000,0.0
2022-01-23T18:07:00.000000,-0.1
2022-01-23T18:12:00.000000,-0.3
2022-01-23T18:17:00.000000,-0.3
2022-01-23T18:22:00.000000,-0.4
2022-01-23T18:27:00.000000,-0.5
2022-01-23T18:32:00.000000,-0.8
2022-01-23T18:37:00.000000,-1.3
2022-01-23T18:42:00.000000,-1.5
2022-01-23T18:47:00.000000,-1.2
2022-01-23T18:52:00.000000,-0.8
2022-01-23T18:57:00.000000,-0.4
2022-01-23T19:02:00.000000,0.0
2022-01-23T19:07:00.000000,0.2
2022-01-23T19:12:00.000000,0.3
2022-01-23T19:17:00.000000,0.3
2022-01-23T19:22:00.000000,0.4
2022-01-23T19:27:00.000000,0.2
2022-01-23T19:32:00.000000,-0.5
2022-01-23T19:37:00.000000,-0.7
2022-01-23T19:42:00.000000,-0.2
2022-01-23T19:47:00.000000,0.6
2022-01-23T19:52:00.000000,0.5
2022-01-23T19:57:00.000000,-0.2
2022-01-23T20:02:00.000000,0.2
2022-01-23T20:07:00.000000,1.0
2022-01-23T20:12:00.000000,4.8
2022-01-23T20:32:00.000000,4.5
2022-01-23T20:37:00.000000,0.4
2022-01-23T20:42:00.000000,-0.1
2022-01-23T20:47:00.000000,-0.5
2022-01-23T20:52:00.000000,-0.6
2022-01-23T20:57:00.000000,-0.6
2022-01-23T21:02:00.000000,-0.7
2022-01-23T21:07:00.000000,-0.9
2022-01-23T21:12:00.000000,-1.0
2022-01-23T21:17:00.000000,-0.9
2022-01-23T21:22:00.000000,-0.6
2022-01-23T21:27:00.000000,-0.4
2022-01-23T21:32:00.000000,-0.5
2022-01-23T21:37:00.000000,0.0
2022-01-23T21:42:00.000000,-0.1
2022-01-23T21:47:00.000000,-1.2
2022-01-23T21:52:00.000000,-1.4
2022-01-23T21:57:00.000000,-1.1
2022-01-23T22:02:00.000000,-0.8
2022-01-23T22:07:00.000000,-0.4
2022-01-23T22:12:00.000000,0.1
2022-01-23T22:17:00.000000,0.7
2022-01-23T22:22:00.000000,0.8
2022-01-23T22:27:00.000000,0.5
2022-01-23T22:32:00.000000,0.2
2022-01-23T22:37:00.000000,0.0
2022-01-23T22:42:00.000000,0.0
2022-01-23T22:47:00.000000,-0.1
2022-01-23T22:52:00.000000,-0.3
2022-01-23T22:57:00.000000,-0.5
2022-01-23T23:02:00.000000,-0.6
2022-01-23T23:07:00.000000,-0.8
2022-01-23T23:12:00.000000,-0.9
2022-01-23T23:17:00.000000,-0.6
2022-01-23T23:22:00.000000,-0.4
2022-01-23T23:27:00.000000,-0.4
2022-01-23T23:32:00.000000,-0.5
2022-01-23T23:37:00.000000,-0.7
2022-01-23T23:42:00.000000,-0.9
2022-01-23T23:47:00.000000,-1.0
2022-01-23T23:52:00.000000,-1.1
2022-01-23T23:57:00.000000,-1.2
2022-01-24T00:02:00.000000,-1.1
2022-01-24T00:07:00.000000,-1.1
2022-01-24T00:12:00.000000,-1.1
2022-01-24T00:17:00.000000,-0.9
2022-01-24T00:22:00.000000,-0.8
2022-01-24T00:27:00.000000,-0.7
2022-01-24T00:32:00.000000,-0.7
2022-01-24T00:37:00.000000,-0.7
2022-01-24T00:42:00.000000,-0.4
2022-01-24T00:47:00.000000,-0.2
2022-01-24T00:52:00.000000,-0.2
2022-01-24T00:57:00.000000,-0.2
2022-01-24T01:02:00.000000,-0.2
2022-01-24T01:07:00.000000,-0.2
2022-01-24T01:12:00.000000,-0.2
2022-01-24T01:17:00.000000,-0.1
2022-01-24T01:22:00.000000,-0.1
2022-01-24T01:27:00.000000,-0.1
2022-01-24T01:32:00.000000,-0.1
2022-01-24T01:37:00.000000,-0.2
2022-01-24T01:42:00.000000,-0.1
2022-01-24T01:47:00.000000,0.0
2022-01-24T01:52:00.000000,0.0
2022-01-24T01:57:00.000000,0.2
2022-01-24T02:02:00.000000,0.5
2022-01-24T02:07:00.000000,0.5
2022-01-24T02:12:00.000000,0.6
2022-01-24T02:17:00.000000,0.8
2022-01-24T02:22:00.000000,0.6
2022-01-24T02:27:00.000000,0.3
2022-01-24T02:32:00.000000,0.3
2022-01-24T02:37:00.000000,0.5
2022-01-24T02:42:00.000000,0.6
2022-01-24T02:47:00.000000,0.7
2022-01-24T02:52:00.000000,1.0
2022-01-24T02:57:00.000000,1.1
2022-01-24T03:02:00.000000,0.9
2022-01-24T03:07:00.000000,0.9
2022-01-24T03:12:00.000000,0.9
2022-01-24T03:17:00.000000,0.7
2022-01-24T03:22:00.000000,0.7
2022-01-24T03:27:00.000000,0.9
2022-01-24T03:32:00.000000,1.1
2022-01-24T03:37:00.000000,1.1
2022-01-24T03:42:00.000000,1.0
2022-01-24T03:47:00.000000,1.0
2022-01-24T03:52:00.000000,1.0
2022-01-24T03:57:00.000000,0.9
2022-01-24T04:02:00.000000,0.9
2022-01-24T04:07:00.000000,0.9
2022-01-24T04:12:00.000000,0.8
2022-01-24T04:17:00.000000,0.9
2022-01-24T04:22:00.000000,0.7
2022-01-24T04:27:00.000000,0.6
2022-01-24T04:32:00.000000,1.1
2022-01-24T04:37:00.000000,1.6
2022-01-24T04:42:00.000000,2.2
2022-01-24T04:47:00.000000,1.8
2022-01-24T04:52:00.000000,0.3
2022-01-24T04:57:00.000000,1.4
2022-01-24T05:02:00.000000,3.6
2022-01-24T05:07:00.000000,3.9
2022-01-24T05:12:00.000000,3.5
2022-01-24T05:17:00.000000,3.5
2022-01-24T05:22:00.000000,3.5
2022-01-24T05:27:00.000000,3.6
2022-01-24T05:32:00.000000,3.7
2022-01-24T05:37:00.000000,2.5
2022-01-24T05:42:00.000000,1.1
2022-01-24T05:47:00.000000,0.5
2022-01-24T05:52:00.000000,0.8
2022-01-24T05:57:00.000000,1.4
2022-01-24T06:02:00.000000,1.6
2022-01-24T06:07:00.000000,1.5
2022-01-24T06:12:00.000000,1.4
2022-01-24T06:17:00.000000,0.7
2022-01-24T06:22:00.000000,0.0
2022-01-24T06:27:00.000000,0.0
2022-01-24T06:32:00.000000,0.0
2022-01-24T06:37:00.000000,0.0
2022-01-24T06:42:00.000000,0.0
2022-01-24T06:47:00.000000,0.0
2022-01-24T06:52:00.000000,0.0
2022-01-24T06:57:00.000000,0.0
2022-01-24T07:02:00.000000,0.0
2022-01-24T07:07:00.000000,0.0
2022-01-24T07:12:00.000000,0.0
2022-01-24T07:17:00.000000,0.0
2022-01-24T07:22:00.000000,0.0
2022-01-24T07:27:00.000000,0.0
2022-01-24T07:32:00.000000,0.0
2022-01-24T07:37:00.000000,0.0
2022-01-24T07:42:00.000000,0.0
2022-01-24T07:47:00.000000,0.0
2022-01-24T07:52:00.000000,0.0
2022-01-24T07:57:00.000000,0.0
2022-01-24T08:02:00.000000,0.0
2022-01-24T08:07:00.000000,0.0
2022-01-24T08:12:00.000000,0.0
2022-01-24T08:17:00.000000,0.0
2022-01-24T08:22:00.000000,0.0
2022-01-24T08:27:00.000000,0.0
2022-01-24T08:32:00.000000,0.0
2022-01-24T08:37:00.000000,0.0
2022-01-24T08:42:00.000000,0.0
2022-01-24T08:47:00.000000,0.0
2022-01-24T08:52:00.000000,-0.2
2022-01-24T08:57:00.000000,-0.8
2022-01-24T09:02:00.000000,-1.2
2022-01-24T09:07:00.000000,-0.9
2022-01-24T09:12:00.000000,-0.6
2022-01-24T09:17:00.000000,-0.9
2022-01-24T09:22:00.000000,-0.9
2022-01-24T09:27:00.000000,-0.6
2022-01-24T09:32:00.000000,-1.0
2022-01-24T09:37:00.000000,-1.7
2022-01-24T09:42:00.000000,-0.9
2022-01-24T09:47:00.000000,-0.1
2022-01-24T09:52:00.000000,-1.3
2022-01-24T09:57:00.000000,-1.8
2022-01-24T10:02:00.000000,-1.1
2022-01-24T10:07:00.000000,-0.2
2022-01-24T10:12:00.000000,0.6
2022-01-24T10:17:00.000000,0.6
2022-01-24T10:22:00.000000,-0.2
2022-01-24T10:27:00.000000,-1.2
2022-01-24T10:32:00.000000,-1.6
2022-01-24T10:37:00.000000,-1.3
2022-01-24T10:42:00.000000,-0.9
2022-01-24T10:47:00.000000,-0.6
2022-01-24T10:52:00.000000,-0.3
2022-01-24T10:57:00.000000,-0.4
2022-01-24T11:02:00.000000,-1.0
2022-01-24T11:07:00.000000,-1.2
2022-01-24T11:12:00.000000,-0.4
2022-01-24T11:17:00.000000,0.3
2022-01-24T11:22:00.000000,0.7
2022-01-24T11:27:00.000000,0.8
2022-01-24T11:32:00.000000,0.6
2022-01-24T11:37:00.000000,0.4
2022-01-24T11:42:00.000000,0.2
2022-01-24T11:47:00.000000,-0.3
2022-01-24T11:52:00.000000,-1.0
2022-01-24T11:57:00.000000,-0.8
2022-01-24T12:02:00.000000,-0.8
2022-01-24T12:07:00.000000,-1.3
2022-01-24T12:12:00.000000,-1.6
2022-01-24T12:17:00.000000,-2.0
2022-01-24T12:22:00.000000,-1.9
2022-01-24T12:27:00.000000,-1.7
2022-01-24T12:32:00.000000,-1.7
2022-01-24T12:37:00.000000,-1.7
2022-01-24T12:42:00.000000,-1.4
2022-01-24T12:47:00.000000,-1.2
2022-01-24T12:52:00.000000,-1.1
2022-01-24T12:57:00.000000,-0.8
2022-01-24T13:02:00.000000,-0.7
2022-01-24T13:07:00.000000,-0.6
2022-01-24T13:12:00.000000,-0.9
2022-01-24T13:17:00.000000,-1.3
2022-01-24T13:22:00.000000,-1.2
2022-01-24T13:27:00.000000,-0.8
2022-01-24T13:32:00.000000,-0.9
2022-01-24T13:37:00.000000,-1.4
2022-01-24T13:42:00.000000,-1.4
2022-01-24T13:47:00.000000,-1.0
2022-01-24T13:52:00.000000,-0.8
2022-01-24T13:57:00.000000,-0.5
2022-01-24T14:02:00.000000,0.2
2022-01-24T14:07:00.000000,0.3
2022-01-24T14:12:00.000000,0.1
2022-01-24T14:17:00.000000,0.3
2022-01-24T14:22:00.000000,0.2
2022-01-24T14:27:00.000000,0.1
2022-01-24T14:32:00.000000,0.3
2022-01-24T14:37:00.000000,0.4
2022-01-24T14:42:00.000000,0.1
2022-01-24T14:47:00.000000,0.1
2022-01-24T14:52:00.000000,0.4
2022-01-24T14:57:00.000000,0.3
2022-01-24T15:02:00.000000,0.2
2022-01-24T15:07:00.000000,0.1
2022-01-24T15:12:00.000000,0.2
2022-01-24T15:17:00.000000,0.4
2022-01-24T15:22:00.000000,0.4
2022-01-24T15:27:00.000000,-0.2
2022-01-24T15:32:00.000000,-0.4
2022-01-24T15:37:00.000000,0.3
2022-01-24T15:42:00.000000,0.4
2022-01-24T15:47:00.000000,0.1
2022-01-24T15:52:00.000000,0.2
2022-01-24T15:57:00.000000,0.5
2022-01-24T16:02:00.000000,0.9
2022-01-24T16:07:00.000000,1.5
2022-01-24T16:12:00.000000,1.9
2022-01-24T16:17:00.000000,2.1
2022-01-24T16:22:00.000000,1.7
2022-01-24T16:27:00.000000,0.7
2022-01-24T16:32:00.000000,0.3
2022-01-24T16:37:00.000000,-5.6
2022-01-24T17:57:00.000000,-5.8
2022-01-24T18:02:00.000000,-0.4
2022-01-24T18:07:00.000000,-0.5
2022-01-24T18:12:00.000000,-0.2
2022-01-24T18:17:00.000000,0.5
2022-01-24T18:22:00.000000,1.5
2022-01-24T18:27:00.000000,0.8
2022-01-24T18:32:00.000000,-0.5
2022-01-24T18:37:00.000000,-0.3
2022-01-24T18:42:00.000000,-0.1
2022-01-24T18:47:00.000000,-0.3
2022-01-24T18:52:00.000000,0.2
2022-01-24T18:57:00.000000,0.6
2022-01-24T19:02:00.000000,0.6
2022-01-24T19:07:00.000000,0.6
2022-01-24T19:12:00.000000,0.4
2022-01-24T19:17:00.000000,0.1
2022-01-24T19:22:00.000000,-0.6
2022-01-24T19:27:00.000000,-1.4
2022-01-24T19:32:00.000000,-1.2
2022-01-24T19:37:00.000000,-1.0
2022-01-24T19:42:00.000000,-1.1
2022-01-24T19:47:00.000000,-1.0
2022-01-24T19:52:00.000000,-1.3
2022-01-24T19:57:00.000000,-1.3
2022-01-24T20:02:00.000000,-1.0
2022-01-24T20:07:00.000000,-1.0
2022-01-24T20:12:00.000000,-1.0
2022-01-24T20:17:00.000000,-1.4
2022-01-24T20:22:00.000000,-1.1
2022-01-24T20:27:00.000000,0.0
2022-01-24T20:32:00.000000,0.3
2022-01-24T20:37:00.000000,0.4
2022-01-24T20:42:00.000000,0.5
2022-01-24T20:47:00.000000,0.2
2022-01-24T20:52:00.000000,-0.1
2022-01-24T20:57:00.000000,0.2
2022-01-24T21:02:00.000000,0.4
2022-01-24T21:07:00.000000,-0.1
2022-01-24T21:12:00.000000,-0.4
2022-01-24T21:17:00.000000,-0.3
2022-01-24T21:22:00.000000,-0.4
2022-01-24T21:27:00.000000,-0.7
2022-01-24T21:32:00.000000,-0.6
2022-01-24T21:37:00.000000,-0.1
2022-01-24T21:42:00.000000,0.2
2022-01-24T21:47:00.000000,0.1
2022-01-24T21:52:00.000000,-0.2
2022-01-24T21:57:00.000000,-0.4
2022-01-24T22:02:00.000000,-0.1
2022-01-24T22:07:00.000000,0.1
2022-01-24T22:12:00.000000,-0.2
2022-01-24T22:17:00.000000,-0.3
2022-01-24T22:22:00.000000,-0.1
2022-01-24T22:27:00.000000,0.4
2022-01-24T22:32:00.000000,0.8
2022-01-24T22:37:00.000000,1.2
2022-01-24T22:42:00.000000,1.5
2022-01-24T22:47:00.000000,1.3
2022-01-24T22:52:00.000000,1.3
2022-01-24T22:57:00.000000,1.3
2022-01-24T23:02:00.000000,0.9
2022-01-24T23:07:00.000000,0.5
2022-01-24T23:12:00.000000,0.3
2022-01-24T23:17:00.000000,0.2
2022-01-24T23:22:00.000000,0.1
2022-01-24T23:27:00.000000,-0.1
2022-01-24T23:32:00.000000,-0.1
2022-01-24T23:37:00.000000,0.0
2022-01-24T23:42:00.000000,0.1
2022-01-24T23:47:00.000000,0.1
2022-01-24T23:52:00.000000,0.1
2022-01-24T23:57:00.000000,0.0
2022-01-25T00:02:00.000000,-0.4
2022-01-25T00:07:00.000000,-0.4
2022-01-25T00:12:00.000000,-0.1
2022-01-25T00:17:00.000000,0.1
2022-01-25T00:22:00.000000,0.2
2022-01-25T00:27:00.000000,0.2
2022-01-25T00:32:00.000000,0.2
2022-01-25T00:37:00.000000,0.1
2022-01-25T00:42:00.000000,0.1
2022-01-25T00:47:00.000000,0.2
2022-01-25T00:52:00.000000,0.2
2022-01-25T00:57:00.000000,0.2
2022-01-25T01:02:00.000000,0.2
2022-01-25T01:07:00.000000,0.1
2022-01-25T01:12:00.000000,0.1
2022-01-25T01:17:00.000000,0.2
2022-01-25T01:22:00.000000,0.0
2022-01-25T01:27:00.000000,-0.1
2022-01-25T01:32:00.000000,0.0
2022-01-25T01:37:00.000000,0.2
2022-01-25T01:42:00.000000,0.3
2022-01-25T01:47:00.000000,0.1
2022-01-25T01:52:00.000000,0.0
2022-01-25T01:57:00.000000,0.1
2022-01-25T02:02:00.000000,0.1
2022-01-25T02:07:00.000000,0.0
2022-01-25T02:12:00.000000,0.1
2022-01-25T02:17:00.000000,0.1
2022-01-25T02:22:00.000000,0.0
2022-01-25T02:27:00.000000,0.1
2022-01-25T02:32:00.000000,0.2
2022-01-25T02:37:00.000000,0.1
2022-01-25T02:42:00.000000,0.0
2022-01-25T02:47:00.000000,0.1
2022-01-25T02:52:00.000000,0.1
2022-01-25T02:57:00.000000,0.0
2022-01-25T03:02:00.000000,0.1
2022-01-25T03:07:00.000000,0.1
2022-01-25T03:12:00.000000,-0.2
2022-01-25T03:17:00.000000,-0.1
2022-01-25T03:22:00.000000,0.2
2022-01-25T03:27:00.000000,0.2
2022-01-25T03:32:00.000000,0.4
2022-01-25T03:37:00.000000,0.5
2022-01-25T03:42:00.000000,0.4
2022-01-25T03:47:00.000000,0.5
2022-01-25T03:52:00.000000,0.4
2022-01-25T03:57:00.000000,0.2
2022-01-25T04:02:00.000000,0.2
2022-01-25T04:07:00.000000,0.3
2022-01-25T04:12:00.000000,0.3
2022-01-25T04:17:00.000000,0.2
2022-01-25T04:22:00.000000,0.1
2022-01-25T04:27:00.000000,0.1
2022-01-25T04:32:00.000000,0.2
2022-01-25T04:37:00.000000,0.2
2022-01-25T04:42:00.000000,0.2
2022-01-25T04:47:00.000000,0.2
2022-01-25T04:52:00.000000,0.3
2022-01-25T04:57:00.000000,0.2
2022-01-25T05:02:00.000000,0.2
2022-01-25T05:07:00.000000,0.3
2022-01-25T05:12:00.000000,0.3
2022-01-25T05:17:00.000000,0.4
2022-01-25T05:22:00.000000,0.2
2022-01-25T05:27:00.000000,0.2
2022-01-25T05:32:00.000000,1.0
2022-01-25T05:37:00.000000,1.9
2022-01-25T05:42:00.000000,-0.3
2022-01-25T05:47:00.000000,-0.6
2022-01-25T05:52:00.000000,1.5
2022-01-25T05:57:00.000000,1.3
2022-01-25T06:02:00.000000,1.0
2022-01-25T06:07:00.000000,0.8
2022-01-25T06:12:00.000000,0.6
2022-01-25T06:17:00.000000,0.4
2022-01-25T06:22:00.000000,0.6
2022-01-25T06:27:00.000000,1.0
2022-01-25T06:32:00.000000,0.9
2022-01-25T06:37:00.000000,0.6
2022-01-25T06:42:00.000000,0.7
2022-01-25T06:47:00.000000,0.6
2022-01-25T06:52:00.000000,0.1
2022-01-25T06:57:00.000000,-0.4
2022-01-25T07:02:00.000000,-0.7
2022-01-25T07:07:00.000000,-0.4
2022-01-25T07:12:00.000000,0.2
2022-01-25T07:17:00.000000,0.2
2022-01-25T07:22:00.000000,-0.2
2022-01-25T07:27:00.000000,-0.2
2022-01-25T07:32:00.000000,-0.3
2022-01-25T07:37:00.000000,-0.6
2022-01-25T07:42:00.000000,-0.5
2022-01-25T07:47:00.000000,-0.4
2022-01-25T07:52:00.000000,-0.2
2022-01-25T07:57:00.000000,-0.3
2022-01-25T08:02:00.000000,-0.6
2022-01-25T08:07:00.000000,-0.2
2022-01-25T08:12:00.000000,-0.2
2022-01-25T08:17:00.000000,-0.6
2022-01-25T08:22:00.000000,-0.5
2022-01-25T08:27:00.000000,-0.5
2022-01-25T08:32:00.000000,-0.8
2022-01-25T08:37:00.000000,-1.1
2022-01-25T08:42:00.000000,-1.0
2022-01-25T08:47:00.000000,-0.3
2022-01-25T08:52:00.000000,0.1
2022-01-25T08:57:00.000000,-0.1
2022-01-25T09:02:00.000000,-0.1
2022-01-25T09:07:00.000000,0.1
2022-01-25T09:12:00.000000,0.1
2022-01-25T09:17:00.000000,0.2
2022-01-25T09:22:00.000000,0.5
2022-01-25T09:27:00.000000,0.2
2022-01-25T09:32:00.000000,-0.1
2022-01-25T09:37:00.000000,-0.2
2022-01-25T09:42:00.000000,-0.3
2022-01-25T09:47:00.000000,-0.1
2022-01-25T09:52:00.000000,-0.1
2022-01-25T09:57:00.000000,-0.7
2022-01-25T10:02:00.000000,-0.9
2022-01-25T10:07:00.000000,-0.5
2022-01-25T10:12:00.000000,-0.1
2022-01-25T10:17:00.000000,0.3
2022-01-25T10:22:00.000000,0.1
2022-01-25T10:27:00.000000,-0.1
2022-01-25T10:32:00.000000,-0.3
2022-01-25T10:37:00.000000,-0.4
2022-01-25T10:42:00.000000,-0.1
2022-01-25T10:47:00.000000,0.0
2022-01-25T10:52:00.000000,-0.1
2022-01-25T10:57:00.000000,-0.2
2022-01-25T11:02:00.000000,-0.3
2022-01-25T11:07:00.000000,-0.4
2022-01-25T11:12:00.000000,-0.5
2022-01-25T11:17:00.000000,-0.6
2022-01-25T11:22:00.000000,-0.7
2022-01-25T11:27:00.000000,-0.8
2022-01-25T11:32:00.000000,-0.6
2022-01-25T11:37:00.000000,-0.3
2022-01-25T11:42:00.000000,-0.2
2022-01-25T11:47:00.000000,-0.2
2022-01-25T11:52:00.000000,-0.5
2022-01-25T11:57:00.000000,-0.7
2022-01-25T12:02:00.000000,-0.5
2022-01-25T12:07:00.000000,-0.2
2022-01-25T12:12:00.000000,0.1
2022-01-25T12:17:00.000000,-0.4
2022-01-25T12:22:00.000000,-0.7
2022-01-25T12:27:00.000000,-0.2
2022-01-25T12:32:00.000000,0.0
2022-01-25T12:37:00.000000,0.0
2022-01-25T12:42:00.000000,0.1
2022-01-25T12:47:00.000000,-0.2
2022-01-25T12:52:00.000000,-0.5
2022-01-25T12:57:00.000000,-0.2
2022-01-25T13:02:00.000000,0.1
2022-01-25T13:07:00.000000,0.6
2022-01-25T13:12:00.000000,1.0
2022-01-25T13:17:00.000000,0.8
2022-01-25T13:22:00.000000,0.4
2022-01-25T13:27:00.000000,0.6
2022-01-25T13:32:00.000000,0.7
2022-01-25T13:37:00.000000,0.2
2022-01-25T13:42:00.000000,0.1
2022-01-25T13:47:00.000000,0.3
2022-01-25T13:52:00.000000,0.1
2022-01-25T13:57:00.000000,-0.3
2022-01-25T14:02:00.000000,-0.6
2022-01-25T14:07:00.000000,-0.6
2022-01-25T14:12:00.000000,-0.2
2022-01-25T14:17:00.000000,0.0
2022-01-25T14:22:00.000000,0.0
2022-01-25T14:27:00.000000,-0.2
2022-01-25T14:32:00.000000,-0.4
2022-01-25T14:37:00.000000,-0.2
2022-01-25T14:42:00.000000,0.1
2022-01-25T14:47:00.000000,0.1
2022-01-25T14:52:00.000000,-0.1
2022-01-25T14:57:00.000000,0.0
2022-01-25T15:02:00.000000,-0.2
2022-01-25T15:07:00.000000,-0.5
2022-01-25T15:12:00.000000,-0.3
2022-01-25T15:17:00.000000,-0.3
2022-01-25T15:22:00.000000,-0.2
2022-01-25T15:27:00.000000,-0.3
2022-01-25T15:32:00.000000,-0.5
2022-01-25T15:37:00.000000,-0.2
2022-01-25T15:42:00.000000,-0.3
2022-01-25T15:47:00.000000,-0.7
2022-01-25T15:52:00.000000,-0.6
2022-01-25T15:57:00.000000,-0.4
2022-01-25T16:02:00.000000,-0.5
2022-01-25T16:07:00.000000,-0.4
2022-01-25T16:12:00.000000,0.1
2022-01-25T16:17:00.000000,0.1
2022-01-25T16:22:00.000000,-0.2
2022-01-25T16:27:00.000000,-0.5
2022-01-25T16:32:00.000000,-0.8
2022-01-25T16:37:00.000000,-0.6
2022-01-25T16:42:00.000000,-0.5
2022-01-25T16:47:00.000000,-0.6
2022-01-25T16:52:00.000000,-0.3
2022-01-25T16:57:00.000000,0.0
2022-01-25T17:02:00.000000,-0.2
2022-01-25T17:07:00.000000,-0.3
2022-01-25T17:12:00.000000,-0.2
2022-01-25T17:17:00.000000,-0.3
2022-01-25T17:22:00.000000,-0.4
2022-01-25T17:27:00.000000,0.7
2022-01-25T18:57:00.000000,1.6
2022-01-25T19:02:00.000000,1.1
2022-01-25T19:07:00.000000,0.6
2022-01-25T19:12:00.000000,0.5
2022-01-25T19:17:00.000000,0.6
2022-01-25T19:22:00.000000,0.4
2022-01-25T19:27:00.000000,0.2
2022-01-25T19:32:00.000000,0.2
2022-01-25T19:37:00.000000,0.1
2022-01-25T19:42:00.000000,0.1
2022-01-25T19:47:00.000000,0.2
2022-01-25T19:52:00.000000,0.3
2022-01-25T19:57:00.000000,0.5
2022-01-25T20:02:00.000000,0.4
2022-01-25T20:07:00.000000,0.3
2022-01-25T20:12:00.000000,0.3
2022-01-25T20:17:00.000000,0.0
2022-01-25T20:22:00.000000,-0.2
2022-01-25T20:27:00.000000,-0.1
2022-01-25T20:32:00.000000,0.3
2022-01-25T20:37:00.000000,0.8
2022-01-25T20:42:00.000000,1.3
2022-01-25T20:47:00.000000,1.9
2022-01-25T20:52:00.000000,2.3
2022-01-25T20:57:00.000000,2.4
2022-01-25T21:02:00.000000,2.2
2022-01-25T21:07:00.000000,2.0
2022-01-25T21:12:00.000000,1.9
2022-01-25T21:17:00.000000,1.9
2022-01-25T21:22:00.000000,1.8
2022-01-25T21:27:00.000000,1.6
2022-01-25T21:32:00.000000,1.4
2022-01-25T21:37:00.000000,1.0
2022-01-25T21:42:00.000000,1.1
2022-01-25T21:47:00.000000,1.3
2022-01-25T21:52:00.000000,1.2
2022-01-25T21:57:00.000000,1.2
2022-01-25T22:02:00.000000,1.1
2022-01-25T22:07:00.000000,0.9
2022-01-25T22:12:00.000000,0.5
2022-01-25T22:17:00.000000,-0.1
2022-01-25T22:22:00.000000,-0.4
2022-01-25T22:27:00.000000,-0.6
2022-01-25T22:32:00.000000,-0.9
2022-01-25T22:37:00.000000,-1.3
2022-01-25T22:42:00.000000,-1.8
2022-01-25T22:47:00.000000,-1.9
2022-01-25T22:52:00.000000,-1.6
2022-01-25T22:57:00.000000,-1.3
2022-01-25T23:02:00.000000,-1.3
2022-01-25T23:07:00.000000,-1.3
2022-01-25T23:12:00.000000,-1.1
2022-01-25T23:17:00.000000,-1.1
2022-01-25T23:22:00.000000,-1.3
2022-01-25T23:27:00.000000,-1.5
2022-01-25T23:32:00.000000,-1.0
2022-01-25T23:37:00.000000,-0.7
2022-01-25T23:42:00.000000,-1.0
2022-01-25T23:47:00.000000,-1.1
2022-01-25T23:52:00.000000,-1.6
2022-01-25T23:57:00.000000,-2.1
2022-01-26T00:02:00.000000,-1.9
2022-01-26T00:07:00.000000,-1.4
2022-01-26T00:12:00.000000,-0.8
2022-01-26T00:17:00.000000,-0.4
2022-01-26T00:22:00.000000,-0.2
2022-01-26T00:27:00.000000,0.4
2022-01-26T00:32:00.000000,0.9
2022-01-26T00:37:00.000000,0.7
2022-01-26T00:42:00.000000,0.2
2022-01-26T00:47:00.000000,-0.4
2022-01-26T00:52:00.000000,-0.8
2022-01-26T00:57:00.000000,-0.9
2022-01-26T01:02:00.000000,-1.1
2022-01-26T01:07:00.000000,-1.2
2022-01-26T01:12:00.000000,-1.1
2022-01-26T01:17:00.000000,-1.0
2022-01-26T01:22:00.000000,-1.0
2022-01-26T01:27:00.000000,-1.0
2022-01-26T01:32:00.000000,-0.9
2022-01-26T01:37:00.000000,-0.9
2022-01-26T01:42:00.000000,-0.9
2022-01-26T01:47:00.000000,-0.8
2022-01-26T01:52:00.000000,-0.8
2022-01-26T01:57:00.000000,-0.7
2022-01-26T02:02:00.000000,-0.6
2022-01-26T02:07:00.000000,-0.6
2022-01-26T02:12:00.000000,-0.6
2022-01-26T02:17:00.000000,-0.6
2022-01-26T02:22:00.000000,-0.6
2022-01-26T02:27:00.000000,-0.5
2022-01-26T02:32:00.000000,-0.5
2022-01-26T02:37:00.000000,-0.5
2022-01-26T02:42:00.000000,-0.4
2022-01-26T02:47:00.000000,-0.4
2022-01-26T02:52:00.000000,-0.4
2022-01-26T02:57:00.000000,-0.3
2022-01-26T03:02:00.000000,-0.3
2022-01-26T03:07:00.000000,-0.4
2022-01-26T03:12:00.000000,-0.3
2022-01-26T03:17:00.000000,-0.3
2022-01-26T03:22:00.000000,-0.3
2022-01-26T03:27:00.000000,-0.3
2022-01-26T03:32:00.000000,-0.3
2022-01-26T03:37:00.000000,-0.2
2022-01-26T03:42:00.000000,-0.3
2022-01-26T03:47:00.000000,-0.3
2022-01-26T03:52:00.000000,-0.3
2022-01-26T03:57:00.000000,-0.3
2022-01-26T04:02:00.000000,0.0
2022-01-26T04:07:00.000000,0.5
2022-01-26T04:12:00.000000,1.1
2022-01-26T04:17:00.000000,1.3
2022-01-26T04:22:00.000000,1.2
2022-01-26T04:27:00.000000,1.3
2022-01-26T04:32:00.000000,1.2
2022-01-26T04:37:00.000000,1.0
2022-01-26T04:42:00.000000,1.0
2022-01-26T04:47:00.000000,0.8
2022-01-26T04:52:00.000000,0.8
2022-01-26T04:57:00.000000,0.8
2022-01-26T05:02:00.000000,0.3
2022-01-26T05:07:00.000000,0.0
2022-01-26T05:12:00.000000,0.1
2022-01-26T05:17:00.000000,0.2
2022-01-26T05:22:00.000000,0.2
2022-01-26T05:27:00.000000,0.0
2022-01-26T05:32:00.000000,-0.1
2022-01-26T05:37:00.000000,0.1
2022-01-26T05:42:00.000000,0.1
2022-01-26T05:47:00.000000,0.1
2022-01-26T05:52:00.000000,0.1
2022-01-26T05:57:00.000000,-0.2
2022-01-26T06:02:00.000000,-0.1
2022-01-26T06:07:00.000000,0.3
2022-01-26T06:12:00.000000,0.4
2022-01-26T06:17:00.000000,0.8
2022-01-26T06:22:00.000000,1.9
2022-01-26T06:27:00.000000,3.0
2022-01-26T06:32:00.000000,2.9
2022-01-26T06:37:00.000000,3.3
2022-01-26T06:42:00.000000,1.9
2022-01-26T11:27:00.000000,-0.2
2022-01-26T11:32:00.000000,-0.6
2022-01-26T11:37:00.000000,-1.0
2022-01-26T11:42:00.000000,-0.5
2022-01-26T11:47:00.000000,-0.2
2022-01-26T11:52:00.000000,-0.3
2022-01-26T11:57:00.000000,-0.4
2022-01-26T12:02:00.000000,-0.5
2022-01-26T12:07:00.000000,-0.7
2022-01-26T12:12:00.000000,-0.8
2022-01-26T12:17:00.000000,-0.9
2022-01-26T12:22:00.000000,-1.4
2022-01-26T12:27:00.000000,-1.3
2022-01-26T12:32:00.000000,-0.7
2022-01-26T12:37:00.000000,-0.5
2022-01-26T12:42:00.000000,-0.3
2022-01-26T12:47:00.000000,-0.4
2022-01-26T12:52:00.000000,-0.5
2022-01-26T12:57:00.000000,-0.8
2022-01-26T13:02:00.000000,-1.6
2022-01-26T13:07:00.000000,-1.0
2022-01-26T13:12:00.000000,-0.4
2022-01-26T13:17:00.000000,-0.3
2022-01-26T13:22:00.000000,0.2
2022-01-26T13:27:00.000000,-0.1
2022-01-26T13:32:00.000000,-0.6
2022-01-26T13:37:00.000000,-1.1
2022-01-26T13:42:00.000000,-1.3
2022-01-26T13:47:00.000000,-0.8
2022-01-26T13:52:00.000000,-0.3
2022-01-26T13:57:00.000000,-0.2
2022-01-26T14:02:00.000000,-0.2
2022-01-26T14:07:00.000000,-0.6
2022-01-26T14:12:00.000000,-0.3
2022-01-26T14:17:00.000000,0.5
2022-01-26T14:22:00.000000,-0.3
2022-01-26T14:27:00.000000,-1.0
2022-01-26T14:32:00.000000,0.1
2022-01-26T14:37:00.000000,0.9
2022-01-26T14:42:00.000000,0.5
2022-01-26T14:47:00.000000,0.1
2022-01-26T14:52:00.000000,0.1
2022-01-26T14:57:00.000000,0.4
2022-01-26T15:02:00.000000,0.0
2022-01-26T15:07:00.000000,-0.2
2022-01-26T15:12:00.000000,0.4
2022-01-26T15:17:00.000000,0.8
2022-01-26T15:22:00.000000,0.4
2022-01-26T15:27:00.000000,-0.1
2022-01-26T15:32:00.000000,0.0
2022-01-26T15:37:00.000000,-0.2
2022-01-26T15:42:00.000000,-0.4
2022-01-26T15:47:00.000000,-0.6
2022-01-26T15:52:00.000000,-1.3
2022-01-26T15:57:00.000000,-1.1
2022-01-26T16:02:00.000000,-0.4
2022-01-26T16:07:00.000000,-0.1
2022-01-26T16:12:00.000000,0.7
2022-01-26T16:17:00.000000,0.6
2022-01-26T16:22:00.000000,-0.1
2022-01-26T16:27:00.000000,-0.8
2022-01-26T16:32:00.000000,-0.6
2022-01-26T16:37:00.000000,0.5
2022-01-26T16:42:00.000000,0.6
2022-01-26T16:47:00.000000,0.3
2022-01-26T16:52:00.000000,0.5
2022-01-26T16:57:00.000000,0.8
2022-01-26T17:02:00.000000,1.0
2022-01-26T17:07:00.000000,1.2
2022-01-26T17:12:00.000000,1.3
2022-01-26T17:17:00.000000,0.9
2022-01-26T17:22:00.000000,0.3
2022-01-26T17:27:00.000000,0.1
2022-01-26T17:32:00.000000,0.4
2022-01-26T17:37:00.000000,1.4
2022-01-26T17:42:00.000000,1.4
2022-01-26T17:47:00.000000,0.2
2022-01-26T17:52:00.000000,0.1
2022-01-26T17:57:00.000000,-0.2
2022-01-26T18:02:00.000000,-0.1
2022-01-26T18:07:00.000000,1.2
2022-01-26T18:12:00.000000,1.1
2022-01-26T18:17:00.000000,0.7
2022-01-26T18:22:00.000000,1.2
2022-01-26T18:27:00.000000,1.7
2022-01-26T18:32:00.000000,1.9
2022-01-26T18:37:00.000000,2.0
2022-01-26T18:42:00.000000,1.9
2022-01-26T18:47:00.000000,1.6
2022-01-26T18:52:00.000000,1.5
2022-01-26T18:57:00.000000,1.7
2022-01-26T19:02:00.000000,1.7
2022-01-26T19:07:00.000000,1.7
2022-01-26T19:12:00.000000,1.7
2022-01-26T19:17:00.000000,0.9
2022-01-26T19:22:00.000000,-16.5
2022-01-27T04:23:00.000000,-16.6
2022-01-27T04:28:00.000000,0.1
2022-01-27T04:33:00.000000,0.3
2022-01-27T04:38:00.000000,0.6
2022-01-27T04:43:00.000000,0.7
2022-01-27T04:48:00.000000,0.8
2022-01-27T04:53:00.000000,0.8
2022-01-27T04:58:00.000000,0.5
2022-01-27T05:03:00.000000,0.5
2022-01-27T05:08:00.000000,0.6
2022-01-27T05:13:00.000000,0.7
2022-01-27T05:18:00.000000,0.9
2022-01-27T05:23:00.000000,1.1
2022-01-27T05:28:00.000000,1.1
2022-01-27T05:33:00.000000,1.2
2022-01-27T05:38:00.000000,1.0
2022-01-27T05:43:00.000000,5.6
2022-01-27T05:48:00.000000,5.5
2022-01-27T05:53:00.000000,0.4
2022-01-27T05:58:00.000000,0.2
2022-01-27T06:03:00.000000,-0.2
2022-01-27T06:08:00.000000,-0.4
2022-01-27T06:13:00.000000,-0.4
2022-01-27T06:18:00.000000,-0.5
2022-01-27T06:23:00.000000,-0.5
2022-01-27T06:28:00.000000,-0.5
2022-01-27T06:33:00.000000,-0.4
2022-01-27T06:38:00.000000,-0.1
2022-01-27T06:43:00.000000,0.0
2022-01-27T06:48:00.000000,-0.1
2022-01-27T06:53:00.000000,-0.2
2022-01-27T06:58:00.000000,-0.3
2022-01-27T07:03:00.000000,-0.3
2022-01-27T07:08:00.000000,-0.2
2022-01-27T07:13:00.000000,-0.1
2022-01-27T07:18:00.000000,0.0
2022-01-27T07:23:00.000000,-0.1
2022-01-27T07:28:00.000000,0.0
2022-01-27T07:33:00.000000,0.2
2022-01-27T07:38:00.000000,0.1
2022-01-27T07:43:00.000000,0.0
2022-01-27T07:48:00.000000,-0.2
2022-01-27T07:53:00.000000,-0.3
2022-01-27T07:58:00.000000,-0.1
2022-01-27T08:03:00.000000,0.1
2022-01-27T08:08:00.000000,0.1
2022-01-27T08:13:00.000000,0.0
2022-01-27T08:18:00.000000,0.0
2022-01-27T08:23:00.000000,0.0
2022-01-27T08:28:00.000000,0.0
2022-01-27T08:33:00.000000,0.1
2022-01-27T08:38:00.000000,0.0
2022-01-27T08:43:00.000000,-0.1
2022-01-27T08:48:00.000000,-0.1
2022-01-27T08:53:00.000000,-0.1
2022-01-27T08:58:00.000000,0.0
2022-01-27T09:03:00.000000,-0.1
2022-01-27T09:08:00.000000,0.1
2022-01-27T09:13:00.000000,0.1
2022-01-27T09:18:00.000000,-0.2
2022-01-27T09:23:00.000000,-0.2
2022-01-27T09:28:00.000000,-0.1
2022-01-27T09:33:00.000000,-0.2
2022-01-27T09:38:00.000000,-0.5
2022-01-27T09:43:00.000000,-0.6
2022-01-27T09:48:00.000000,-0.4
2022-01-27T09:53:00.000000,0.4
2022-01-27T09:58:00.000000,2.0
2022-01-27T10:03:00.000000,3.0
2022-01-27T10:08:00.000000,2.4
2022-01-27T10:13:00.000000,1.5
2022-01-27T10:18:00.000000,1.0
2022-01-27T10:23:00.000000,0.5
2022-01-27T10:28:00.000000,0.1
2022-01-27T10:33:00.000000,0.1
2022-01-27T10:38:00.000000,0.2
2022-01-27T10:43:00.000000,0.1
2022-01-27T10:48:00.000000,0.1
2022-01-27T10:53:00.000000,0.1
2022-01-27T10:58:00.000000,0.1
2022-01-27T11:03:00.000000,0.0
2022-01-27T11:08:00.000000,-0.1
2022-01-27T11:13:00.000000,0.0
2022-01-27T11:18:00.000000,-0.1
2022-01-27T11:23:00.000000,-0.2
2022-01-27T11:28:00.000000,-0.3
2022-01-27T11:33:00.000000,-0.4
2022-01-27T11:38:00.000000,-0.2
2022-01-27T11:43:00.000000,-0.1
2022-01-27T11:48:00.000000,-0.2
2022-01-27T11:53:00.000000,2.6
2022-01-27T11:58:00.000000,2.3
2022-01-27T12:03:00.000000,-0.5
2022-01-27T12:08:00.000000,-0.3
2022-01-27T12:13:00.000000,-0.3
2022-01-27T12:18:00.000000,-0.1
2022-01-27T12:23:00.000000,0.0
2022-01-27T12:28:00.000000,-0.2
2022-01-27T12:33:00.000000,-0.3
2022-01-27T12:38:00.000000,0.0
2022-01-27T12:43:00.000000,0.1
2022-01-27T12:48:00.000000,-0.1
2022-01-27T12:53:00.000000,-0.3
2022-01-27T12:58:00.000000,-0.4
2022-01-27T13:03:00.000000,-0.4
2022-01-27T13:08:00.000000,-0.5
2022-01-27T13:13:00.000000,-0.7
2022-01-27T13:18:00.000000,-0.9
2022-01-27T13:23:00.000000,-1.0
2022-01-27T13:28:00.000000,-1.1
2022-01-27T13:33:00.000000,-1.1
2022-01-27T13:38:00.000000,-1.0
2022-01-27T13:43:00.000000,-1.1
2022-01-27T13:48:00.000000,-1.1
2022-01-27T13:53:00.000000,-0.9
2022-01-27T13:58:00.000000,-0.8
2022-01-27T14:03:00.000000,-0.9
2022-01-27T14:08:00.000000,-1.0
2022-01-27T14:13:00.000000,-1.0
2022-01-27T14:18:00.000000,-0.9
2022-01-27T14:23:00.000000,-0.7
2022-01-27T14:28:00.000000,-0.5
2022-01-27T14:33:00.000000,-0.5
2022-01-27T14:38:00.000000,-0.5
2022-01-27T14:43:00.000000,-0.6
2022-01-27T14:48:00.000000,-0.6
2022-01-27T14:53:00.000000,-0.4
2022-01-27T14:58:00.000000,-0.3
2022-01-27T15:03:00.000000,-0.3
2022-01-27T15:08:00.000000,-0.4
2022-01-27T15:13:00.000000,-0.3
2022-01-27T15:18:00.000000,-0.4
2022-01-27T15:23:00.000000,-0.6
2022-01-27T15:28:00.000000,-0.7
2022-01-27T15:33:00.000000,-0.7
2022-01-27T15:38:00.000000,-0.5
2022-01-27T15:43:00.000000,-0.1
2022-01-27T15:48:00.000000,0.4
2022-01-27T15:53:00.000000,0.5
2022-01-27T15:58:00.000000,0.4
2022-01-27T16:03:00.000000,0.4
2022-01-27T16:08:00.000000,0.4
2022-01-27T16:13:00.000000,0.3
2022-01-27T16:18:00.000000,0.1
2022-01-27T16:23:00.000000,0.0
2022-01-27T16:28:00.000000,-0.2
2022-01-27T16:33:00.000000,-0.1
2022-01-27T16:38:00.000000,0.4
2022-01-27T16:43:00.000000,0.6
2022-01-27T16:48:00.000000,0.4
2022-01-27T16:53:00.000000,0.2
2022-01-27T16:58:00.000000,0.4
2022-01-27T17:03:00.000000,0.4
2022-01-27T17:08:00.000000,0.2
2022-01-27T17:13:00.000000,0.1
2022-01-27T17:18:00.000000,0.3
2022-01-27T17:23:00.000000,0.6
2022-01-27T17:28:00.000000,0.7
2022-01-27T17:33:00.000000,0.9
2022-01-27T17:38:00.000000,0.9
2022-01-27T17:43:00.000000,0.6
2022-01-27T17:48:00.000000,0.7
2022-01-27T17:53:00.000000,1.1
2022-01-27T17:58:00.000000,1.1
2022-01-27T18:03:00.000000,1.1
2022-01-27T18:08:00.000000,1.0
2022-01-27T18:13:00.000000,0.9
2022-01-27T18:18:00.000000,0.9
2022-01-27T18:23:00.000000,0.8
2022-01-27T18:28:00.000000,0.7
2022-01-27T18:33:00.000000,0.7
2022-01-27T18:38:00.000000,0.7
2022-01-27T18:43:00.000000,0.7
2022-01-27T18:48:00.000000,0.7
2022-01-27T18:53:00.000000,0.6
2022-01-27T18:58:00.000000,0.6
2022-01-27T19:03:00.000000,0.5
2022-01-27T19:08:00.000000,0.4
2022-01-27T19:13:00.000000,0.3
2022-01-27T19:18:00.000000,0.2
2022-01-27T19:23:00.000000,0.1
2022-01-27T19:28:00.000000,0.0
2022-01-27T19:33:00.000000,-0.1
2022-01-27T19:38:00.000000,-0.2
2022-01-27T19:43:00.000000,-0.3
2022-01-27T19:48:00.000000,-0.3
2022-01-27T19:53:00.000000,-0.3
2022-01-27T19:58:00.000000,-0.3
2022-01-27T20:03:00.000000,-0.3
2022-01-27T20:08:00.000000,-0.3
2022-01-27T20:13:00.000000,-0.3
2022-01-27T20:18:00.000000,-0.4
2022-01-27T20:23:00.000000,-0.3
2022-01-27T20:28:00.000000,-0.3
2022-01-27T20:33:00.000000,-0.3
2022-01-27T20:38:00.000000,-0.3
2022-01-27T20:43:00.000000,-0.3
2022-01-27T20:48:00.000000,-0.2
2022-01-27T20:53:00.000000,-0.2
2022-01-27T20:58:00.000000,-0.1
2022-01-27T21:03:00.000000,-0.1
2022-01-27T21:08:00.000000,-0.1
2022-01-27T21:13:00.000000,-0.1
2022-01-27T21:18:00.000000,-0.1
2022-01-27T21:23:00.000000,-0.1
2022-01-27T21:28:00.000000,-0.1
2022-01-27T21:33:00.000000,-0.2
2022-01-27T21:38:00.000000,-0.6
2022-01-27T21:43:00.000000,-0.5
2022-01-27T21:48:00.000000,-0.3
2022-01-27T21:53:00.000000,-0.2
2022-01-27T21:58:00.000000,0.1
2022-01-27T22:03:00.000000,0.3
2022-01-27T22:08:00.000000,0.3
2022-01-27T22:13:00.000000,0.3
2022-01-27T22:18:00.000000,0.5
2022-01-27T22:23:00.000000,0.4
2022-01-27T22:28:00.000000,0.1
2022-01-27T22:33:00.000000,-0.1
2022-01-27T22:38:00.000000,-0.2
2022-01-27T22:43:00.000000,-0.1
2022-01-27T22:48:00.000000,0.0
2022-01-27T22:53:00.000000,0.1
2022-01-27T22:58:00.000000,0.2
2022-01-27T23:03:00.000000,0.0
2022-01-27T23:08:00.000000,-0.2
2022-01-27T23:13:00.000000,-0.2
2022-01-27T23:18:00.000000,-0.3
2022-01-27T23:23:00.000000,-0.3
2022-01-27T23:28:00.000000,-0.3
2022-01-27T23:33:00.000000,-0.5
2022-01-27T23:38:00.000000,-0.6
